timestamp,soil_moisture,temperature,humidity,hour,dry_rate,previous_irrigation,pump_runtime,fan_state
2026-03-12 22:25:36.894617,29.8,,,22,0,4,4,0
2026-03-12 22:26:40.220188,29.8,,,22,0,4,4,0
2026-03-12 22:30:45.863543,30.98,,,22,0,4,4,0
2026-03-12 22:31:07.915359,40.39,,,22,-9.41,0,0,0
2026-03-12 22:31:30.923115,37.65,,,22,2.740000000000002,0,0,0
2026-03-12 22:31:48.929054,36.86,,,22,0.7899999999999991,0,0,0
2026-03-12 22:32:10.113778,36.08,,,22,0.7800000000000011,0,0,0
2026-03-12 22:32:28.146508,36.08,,,22,0.0,0,0,0
2026-03-12 22:32:49.196613,35.29,,,22,0.7899999999999991,0,0,0
2026-03-12 22:35:48.222447,33.33,0.7,0,22,0,0,0,0
2026-03-12 22:36:07.278435,33.33,30.6,44,22,0.0,0,0,0
2026-03-12 22:36:43.303822,33.73,30.3,44,22,0,4,4,0
2026-03-12 22:37:04.687957,32.94,30.1,44,22,0.7899999999999991,4,4,0
2026-03-12 22:37:28.023041,34.9,30.9,44,22,-1.9600000000000009,4,4,0
2026-03-12 22:38:24.533305,33.33,30.8,44,22,0,0,0,0
2026-03-12 22:38:40.758195,33.33,30.8,44,22,0.0,0,0,0
2026-03-12 22:39:01.005526,32.94,30.1,44,22,0.39000000000000057,0,0,0
2026-03-12 22:39:22.263558,33.73,30.2,44,22,-0.7899999999999991,0,0,0
2026-03-12 22:39:38.281726,32.94,30.9,44,22,0.7899999999999991,0,0,0
2026-03-12 22:39:57.292074,32.55,30.1,44,22,0.39000000000000057,0,0,0
2026-03-12 22:40:13.481942,32.55,30.2,44,22,0.0,0,0,0
2026-03-12 22:40:29.693640,32.16,30.6,44,22,0.39000000000000057,0,0,0
2026-03-12 22:40:48.978998,31.76,30.7,44,22,0.399999999999995,0,0,0
2026-03-12 22:41:08.281124,31.76,30.2,44,22,0.0,0,0,0
2026-03-12 22:41:24.503035,31.76,30.2,44,22,0.0,0,0,0
2026-03-12 22:41:43.718617,31.37,30.5,44,22,0.39000000000000057,0,0,0
2026-03-12 22:41:59.913009,31.37,30.8,44,22,0.0,0,0,0
2026-03-12 22:42:19.453888,31.37,31.9,43,22,0.0,0,0,0
2026-03-12 22:42:38.714219,31.76,31.1,43,22,-0.39000000000000057,0,0,0
2026-03-12 22:42:54.878672,31.37,30.9,44,22,0.39000000000000057,0,0,0
2026-03-12 22:43:14.138311,31.37,30.7,44,22,0.0,0,0,0
2026-03-12 22:43:33.212374,31.37,30.6,44,22,0.0,0,0,0
2026-03-12 22:43:49.394417,31.37,30.0,44,22,0.0,0,0,0
2026-03-12 22:44:05.585100,31.37,30.6,44,22,0.0,0,0,0
2026-03-12 22:44:21.767815,30.98,30.8,44,22,0.39000000000000057,0,0,0
2026-03-12 22:44:41.075503,30.98,30.0,44,22,0.0,0,0,0
2026-03-12 22:45:00.318393,30.98,30.6,44,22,0.0,0,0,0
2026-03-12 22:45:16.505946,30.98,30.9,44,22,0.0,0,0,0
2026-03-12 22:45:32.487030,30.59,30.2,44,22,0.39000000000000057,0,0,0
2026-03-12 22:45:49.913929,30.59,30.4,44,22,0.0,0,0,0
2026-03-12 22:46:09.129934,30.59,30.3,44,22,0.0,0,0,0
2026-03-12 22:46:25.377315,30.59,30.1,44,22,0.0,0,0,0
2026-03-12 22:46:44.665082,29.41,30.7,44,22,1.1799999999999997,4,4,0
2026-03-12 22:47:07.916357,30.59,30.9,44,22,-1.1799999999999997,0,0,0
2026-03-12 22:47:26.987639,32.55,30.3,44,22,-1.9599999999999973,0,0,0
2026-03-12 22:47:46.316401,33.73,30.1,44,22,-1.1799999999999997,0,0,0
2026-03-12 22:48:05.395890,33.33,30.7,44,22,0.3999999999999986,0,0,0
2026-03-12 22:48:21.602855,33.33,30.9,44,22,0.0,0,0,0
2026-03-12 22:48:37.789571,33.33,30.4,44,22,0.0,0,0,0
2026-03-12 22:48:53.770108,32.94,30.8,44,22,0.39000000000000057,0,0,0
2026-03-12 22:49:12.875967,32.94,30.1,44,22,0.0,0,0,0
2026-03-12 22:49:30.814310,32.55,30.0,44,22,0,0,0,0
2026-03-12 22:49:55.143963,32.55,30.8,44,22,0.0,0,0,0
2026-03-12 22:50:11.356810,32.55,30.1,44,22,0.0,0,0,0
2026-03-12 22:50:31.607866,32.16,30.7,44,22,0.39000000000000057,0,0,0
2026-03-12 22:50:50.930838,32.16,30.9,44,22,0.0,0,0,0
2026-03-12 22:51:07.126600,32.16,30.3,44,22,0.0,0,0,0
2026-03-12 23:01:00.802261,30.98,30.8,44,23,0,0,0,0
2026-03-12 23:01:17.490744,30.98,30.5,44,23,0.0,0,0,0
2026-03-12 23:01:33.919761,30.98,30.7,44,23,0.0,0,0,0
2026-03-12 23:01:50.247668,30.98,30.3,44,23,0.0,0,0,0
2026-03-12 23:02:06.577224,30.98,30.1,44,23,0.0,0,0,0
2026-03-12 23:02:22.906980,30.59,30.3,44,23,0.39000000000000057,0,0,0
2026-03-12 23:02:39.210574,30.59,30.7,44,23,0.0,0,0,0
2026-03-12 23:02:55.521209,30.59,30.1,44,23,0.0,0,0,0
2026-03-12 23:03:11.821376,29.8,30.4,44,23,0.7899999999999991,0,0,0
2026-03-12 23:03:28.154076,31.37,30.8,44,23,-1.5700000000000003,0,0,0
2026-03-12 23:03:44.448917,30.98,30.6,44,23,0.39000000000000057,0,0,0
2026-03-12 23:04:00.812001,30.59,30.6,44,23,0.39000000000000057,0,0,0
2026-03-12 23:04:17.146313,30.59,30.1,44,23,0.0,0,0,0
2026-03-12 23:04:33.418976,30.59,30.3,44,23,0.0,0,0,0
2026-03-12 23:04:49.770623,30.2,30.2,44,23,0.39000000000000057,0,0,0
2026-03-12 23:05:06.730497,30.2,30.0,44,23,0.0,0,0,0
2026-03-12 23:05:23.052128,30.2,30.1,44,23,0.0,0,0,0
2026-03-12 23:05:39.370181,29.8,30.8,44,23,0.3999999999999986,0,0,0
2026-03-12 23:05:55.667525,29.8,30.7,44,23,0.0,0,0,0
2026-03-12 23:06:12.011136,29.8,30.9,44,23,0.0,0,0,0
2026-03-12 23:06:28.977554,30.2,30.8,44,23,-0.3999999999999986,0,0,0
2026-03-12 23:06:45.297408,29.8,30.1,44,23,0.3999999999999986,0,0,0
2026-03-12 23:07:01.912729,29.8,30.3,44,23,0.0,0,0,0
2026-03-12 23:07:18.330857,29.8,30.7,44,23,0.0,0,0,0
2026-03-12 23:07:34.577148,29.41,30.9,44,23,0.39000000000000057,0,0,0
2026-03-12 23:07:50.897805,29.8,30.7,44,23,-0.39000000000000057,0,0,0
2026-03-12 23:08:07.217861,29.8,30.9,44,23,0.0,0,0,0
2026-03-12 23:08:23.536280,29.41,30.0,44,23,0.39000000000000057,0,0,0
2026-03-12 23:08:39.852329,29.41,30.8,44,23,0.0,0,0,0
2026-03-12 23:08:56.155365,29.8,30.0,44,23,-0.39000000000000057,0,0,0
2026-03-12 23:09:12.496668,29.41,30.3,44,23,0.39000000000000057,0,0,0
2026-03-12 23:09:28.805978,29.8,30.0,44,23,-0.39000000000000057,0,0,0
2026-03-12 23:09:45.119240,29.8,30.0,44,23,0.0,0,0,0
2026-03-12 23:10:01.324319,29.8,30.8,44,23,0.0,0,0,0
2026-03-12 23:10:17.567488,30.2,30.4,44,23,-0.3999999999999986,0,0,0
2026-03-12 23:10:33.771073,29.8,30.1,44,23,0.3999999999999986,0,0,0
2026-03-12 23:10:50.057702,29.8,30.9,44,23,0.0,0,0,0
2026-03-12 23:11:06.720667,30.2,30.8,44,23,-0.3999999999999986,0,0,0
2026-03-12 23:11:23.030462,29.8,30.4,44,23,0.3999999999999986,0,0,0
2026-03-12 23:11:39.993791,29.8,30.8,44,23,0.0,0,0,0
2026-03-12 23:11:56.320340,29.02,30.1,44,23,0.7800000000000011,0,0,0
2026-03-12 23:12:12.652384,29.8,30.6,44,23,-0.7800000000000011,0,0,0
2026-03-12 23:12:28.960305,29.8,30.3,44,23,0.0,0,0,0
2026-03-12 23:12:45.278301,29.8,30.7,44,23,0.0,0,0,0
2026-03-12 23:13:01.593819,29.8,30.5,44,23,0.0,0,0,0
2026-03-12 23:13:17.920559,29.8,30.5,44,23,0.0,0,0,0
2026-03-12 23:13:34.234533,30.2,30.1,44,23,-0.3999999999999986,0,0,0
2026-03-12 23:13:50.551113,30.2,30.5,44,23,0.0,0,0,0
2026-03-12 23:14:06.874334,30.2,30.6,44,23,0.0,0,0,0
2026-03-12 23:14:23.156670,30.2,30.3,44,23,0.0,0,0,0
2026-03-12 23:14:39.514912,29.8,30.6,45,23,0.3999999999999986,0,0,0
2026-03-12 23:14:55.833641,30.2,30.0,45,23,-0.3999999999999986,0,0,0
2026-03-12 23:15:12.126375,30.2,30.7,45,23,0.0,0,0,0
2026-03-12 23:15:28.473944,30.2,30.8,45,23,0.0,0,0,0
2026-03-12 23:15:44.777249,30.2,30.6,45,23,0.0,0,0,0
2026-03-12 23:16:00.999252,29.8,30.4,45,23,0.3999999999999986,0,0,0
2026-03-12 23:16:17.374185,30.2,30.4,45,23,-0.3999999999999986,0,0,0
2026-03-12 23:16:35.028259,29.8,30.9,45,23,0.3999999999999986,0,0,0
2026-03-12 23:16:51.353408,30.2,30.8,45,23,-0.3999999999999986,0,0,0
2026-03-12 23:17:07.656838,30.2,30.3,45,23,0.0,0,0,0
2026-03-12 23:17:25.915672,30.2,30.7,45,23,0.0,0,0,0
2026-03-12 23:17:42.219108,30.2,30.7,45,23,0.0,0,0,0
2026-03-12 23:17:58.554595,30.2,30.8,45,23,0.0,0,0,0
2026-03-12 23:18:14.874169,30.2,30.8,45,23,0.0,0,0,0
2026-03-12 23:18:31.023426,30.2,30.6,45,23,0.0,0,0,0
2026-03-12 23:18:47.833963,30.2,30.1,45,23,0.0,0,0,0
2026-03-12 23:19:05.433223,30.2,30.5,45,23,0.0,0,0,0
2026-03-12 23:19:21.755530,30.2,30.4,45,23,0.0,0,0,0
2026-03-12 23:19:38.042724,30.2,30.7,45,23,0.0,0,0,0
2026-03-12 23:19:49.731325,30.2,30.5,45,23,0,0,0,0
2026-03-12 23:20:06.198105,30.2,30.3,45,23,0.0,0,0,0
2026-03-12 23:20:22.554853,30.2,30.2,45,23,0.0,0,0,0
2026-03-12 23:20:38.855233,30.2,30.8,45,23,0.0,0,0,0
2026-03-12 23:20:55.207449,30.2,30.5,45,23,0.0,0,0,0
2026-03-12 23:21:11.521764,30.2,30.5,45,23,0.0,0,0,0
2026-03-12 23:21:28.718828,30.2,30.5,45,23,0.0,0,0,0
2026-03-12 23:21:45.944262,30.2,30.8,45,23,0.0,0,0,0
2026-03-12 23:22:02.279182,30.2,30.0,45,23,0.0,0,0,0
2026-03-12 23:22:18.469021,30.59,30.8,45,23,-0.39000000000000057,0,0,0
2026-03-12 23:22:34.746042,30.59,30.8,45,23,0.0,0,0,0
2026-03-12 23:22:51.065630,30.2,30.8,45,23,0.39000000000000057,0,0,0
2026-03-12 23:23:08.663845,30.59,30.3,45,23,-0.39000000000000057,0,0,0
2026-03-12 23:23:24.920080,30.59,30.4,45,23,0.0,0,0,0
2026-03-12 23:23:41.304926,30.59,30.8,45,23,0.0,0,0,0
2026-03-12 23:23:57.755581,30.59,30.4,45,23,0.0,0,0,0
2026-03-12 23:24:14.262746,30.59,30.3,45,23,0.0,0,0,0
2026-03-12 23:24:30.586679,30.59,30.3,45,23,0.0,0,0,0
2026-03-12 23:24:46.977638,30.2,30.2,45,23,0.39000000000000057,0,0,0
2026-03-12 23:25:03.152195,30.59,30.5,45,23,-0.39000000000000057,0,0,0
2026-03-12 23:25:19.328586,30.2,30.3,45,23,0.39000000000000057,0,0,0
2026-03-12 23:25:35.817802,30.59,30.4,45,23,-0.39000000000000057,0,0,0
2026-03-12 23:25:52.168187,30.2,30.3,45,23,0.39000000000000057,0,0,0
2026-03-12 23:26:08.506657,30.2,30.5,45,23,0.0,0,0,0
2026-03-12 23:26:24.724763,30.2,30.8,45,23,0.0,0,0,0
2026-03-12 23:26:42.053528,30.2,30.0,45,23,0.0,0,0,0
2026-03-12 23:26:58.745550,30.2,30.0,45,23,0.0,0,0,0
2026-03-12 23:27:16.030926,30.59,30.8,45,23,-0.39000000000000057,0,0,0
2026-03-12 23:27:32.332389,30.2,30.2,45,23,0.39000000000000057,0,0,0
2026-03-12 23:27:48.614266,30.59,30.7,45,23,-0.39000000000000057,0,0,0
2026-03-12 23:28:05.560569,30.59,30.5,45,23,0.0,0,0,0
2026-03-12 23:28:21.952135,30.2,30.8,45,23,0.39000000000000057,0,0,0
2026-03-12 23:28:38.264966,30.2,30.2,45,23,0.0,0,0,0
2026-03-12 23:28:54.587439,30.2,30.6,45,23,0.0,0,0,0
2026-03-12 23:29:10.881565,30.2,30.5,45,23,0.0,0,0,0
2026-03-12 23:29:27.096124,30.2,30.9,45,23,0.0,0,0,0
2026-03-12 23:29:43.312588,30.2,30.1,45,23,0.0,0,0,0
2026-03-12 23:29:59.953026,30.2,30.3,45,23,0.0,0,0,0
2026-03-12 23:30:16.875766,30.2,30.1,45,23,0.0,0,0,0
2026-03-12 23:30:33.145270,30.2,30.2,45,23,0.0,0,0,0
2026-03-12 23:30:49.416665,30.2,30.4,45,23,0.0,0,0,0
2026-03-12 23:31:05.768182,30.59,30.7,45,23,-0.39000000000000057,0,0,0
2026-03-12 23:31:22.059853,30.2,30.6,45,23,0.39000000000000057,0,0,0
2026-03-12 23:31:38.368278,30.59,30.9,45,23,-0.39000000000000057,0,0,0
2026-03-12 23:31:54.568357,30.59,30.7,45,23,0.0,0,0,0
2026-03-12 23:32:10.907084,30.2,30.2,45,23,0.39000000000000057,0,0,0
2026-03-12 23:32:27.205265,30.59,30.1,45,23,-0.39000000000000057,0,0,0
2026-03-12 23:32:43.899554,30.59,30.3,45,23,0.0,0,0,0
2026-03-12 23:33:00.324175,30.2,30.2,45,23,0.39000000000000057,0,0,0
2026-03-12 23:33:16.609129,30.2,30.7,45,23,0.0,0,0,0
2026-03-12 23:33:32.954023,30.2,30.9,45,23,0.0,0,0,0
2026-03-12 23:33:49.135095,30.2,30.8,45,23,0.0,0,0,0
2026-03-12 23:34:05.647526,30.2,30.6,45,23,0.0,0,0,0
2026-03-12 23:34:21.886169,30.59,30.3,45,23,-0.39000000000000057,0,0,0
2026-03-12 23:34:38.067697,30.59,30.9,45,23,0.0,0,0,0
2026-03-12 23:34:54.540534,30.2,30.2,45,23,0.39000000000000057,0,0,0
2026-03-12 23:35:10.886382,30.2,30.5,45,23,0.0,0,0,0
2026-03-12 23:35:27.898134,30.59,30.5,45,23,-0.39000000000000057,0,0,0
2026-03-12 23:35:44.164812,30.2,30.1,45,23,0.39000000000000057,0,0,0
2026-03-12 23:36:00.440117,30.2,30.1,45,23,0.0,0,0,0
2026-03-12 23:36:17.765006,29.41,30.6,45,23,0.7899999999999991,0,0,0
2026-03-12 23:36:34.406036,30.98,30.5,45,23,-1.5700000000000003,0,0,0
2026-03-12 23:36:50.807590,31.76,30.1,45,23,-0.7800000000000011,0,0,0
2026-03-12 23:37:07.047105,31.76,30.5,45,23,0.0,0,0,0
2026-03-12 23:37:23.286832,31.76,30.8,45,23,0.0,0,0,0
2026-03-12 23:37:39.686321,31.37,30.8,45,23,0.39000000000000057,0,0,0
2026-03-12 23:37:56.003779,31.37,30.9,45,23,0.0,0,0,0
2026-03-12 23:38:12.285460,31.37,30.2,45,23,0.0,0,0,0
2026-03-12 23:38:28.429056,31.37,30.1,45,23,0.0,0,0,0
2026-03-12 23:38:44.634860,31.37,30.9,45,23,0.0,0,0,0
2026-03-12 23:39:00.965778,31.37,30.0,45,23,0.0,0,0,0
2026-03-12 23:39:17.285793,31.37,30.2,45,23,0.0,0,0,0
2026-03-12 23:39:33.612676,30.98,30.2,45,23,0.39000000000000057,0,0,0
2026-03-12 23:39:49.926244,30.98,30.6,45,23,0.0,0,0,0
2026-03-12 23:40:06.884760,30.98,30.6,45,23,0.0,0,0,0
2026-03-12 23:40:24.128312,31.37,30.1,45,23,-0.39000000000000057,0,0,0
2026-03-12 23:40:40.484860,30.98,30.2,45,23,0.39000000000000057,0,0,0
2026-03-12 23:40:56.786582,30.98,30.6,45,23,0.0,0,0,0
2026-03-12 23:41:13.123065,30.98,30.9,45,23,0.0,0,0,0
2026-03-12 23:41:29.386704,30.98,30.0,45,23,0.0,0,0,0
2026-03-12 23:41:45.765647,30.98,30.0,45,23,0.0,0,0,0
2026-03-12 23:42:03.023747,30.59,30.8,45,23,0.39000000000000057,0,0,0
2026-03-12 23:42:19.252617,30.98,30.0,45,23,-0.39000000000000057,0,0,0
2026-03-12 23:42:35.755779,30.59,30.6,45,23,0.39000000000000057,0,0,0
2026-03-12 23:42:52.005853,30.59,30.1,45,23,0.0,0,0,0
2026-03-12 23:43:08.306617,30.59,30.4,45,23,0.0,0,0,0
2026-03-12 23:43:24.526456,30.59,30.1,45,23,0.0,0,0,0
2026-03-12 23:43:41.033662,30.59,30.8,45,23,0.0,0,0,0
2026-03-12 23:43:57.285347,30.59,30.3,45,23,0.0,0,0,0
2026-03-12 23:44:13.608637,30.59,30.1,45,23,0.0,0,0,0
2026-03-12 23:44:29.925502,30.59,30.2,45,23,0.0,0,0,0
2026-03-12 23:44:46.231164,30.59,30.5,45,23,0.0,0,0,0
2026-03-12 23:45:02.574703,30.59,30.6,45,23,0.0,0,0,0
2026-03-12 23:45:19.844309,30.59,30.8,45,23,0.0,0,0,0
2026-03-12 23:45:36.139855,30.59,30.8,45,23,0.0,0,0,0
2026-03-12 23:45:53.480535,30.59,30.7,45,23,0.0,0,0,0
2026-03-12 23:46:10.110501,30.2,30.1,45,23,0.39000000000000057,0,0,0
2026-03-12 23:46:26.355497,30.59,30.1,45,23,-0.39000000000000057,0,0,0
2026-03-12 23:46:42.884140,30.59,30.2,45,23,0.0,0,0,0
2026-03-12 23:46:59.055929,30.59,30.9,45,23,0.0,0,0,0
2026-03-12 23:47:15.433329,30.2,30.6,45,23,0.39000000000000057,0,0,0
2026-03-12 23:47:32.272767,30.2,30.8,45,23,0.0,0,0,0
2026-03-12 23:47:48.533038,30.59,30.5,45,23,-0.39000000000000057,0,0,0
2026-03-12 23:48:04.799919,30.59,30.3,45,23,0.0,0,0,0
2026-03-12 23:48:21.180508,30.59,30.8,45,23,0.0,0,0,0
2026-03-12 23:48:40.635741,30.59,30.7,45,23,0.0,0,0,0
2026-03-12 23:48:57.006610,30.2,30.5,45,23,0.39000000000000057,0,0,0
2026-03-12 23:49:13.324491,30.59,30.7,45,23,-0.39000000000000057,0,0,0
2026-03-12 23:49:29.737244,30.2,30.3,45,23,0.39000000000000057,0,0,0
2026-03-12 23:49:45.987083,30.2,30.9,45,23,0.0,0,0,0
2026-03-12 23:50:02.309383,30.2,30.7,45,23,0.0,0,0,0
2026-03-12 23:50:18.613517,30.2,30.3,45,23,0.0,0,0,0
2026-03-12 23:50:34.862773,30.2,30.6,45,23,0.0,0,0,0
2026-03-12 23:50:51.577214,30.2,30.7,45,23,0.0,0,0,0
2026-03-12 23:51:07.734331,30.2,30.6,45,23,0.0,0,0,0
2026-03-12 23:51:24.204011,30.2,30.0,45,23,0.0,0,0,0
2026-03-12 23:51:40.521849,30.2,30.2,45,23,0.0,0,0,0
2026-03-12 23:51:56.710630,30.2,30.7,45,23,0.0,0,0,0
2026-03-12 23:52:13.213794,30.2,30.2,45,23,0.0,0,0,0
2026-03-12 23:52:29.662637,30.2,30.6,45,23,0.0,0,0,0
2026-03-12 23:52:46.115096,30.59,30.0,45,23,-0.39000000000000057,0,0,0
2026-03-12 23:53:02.474209,30.2,30.1,45,23,0.39000000000000057,0,0,0
2026-03-12 23:53:18.794633,30.2,30.9,45,23,0.0,0,0,0
2026-03-12 23:53:35.013700,30.2,30.5,45,23,0.0,0,0,0
2026-03-12 23:53:51.436026,30.2,30.6,45,23,0.0,0,0,0
2026-03-12 23:54:07.765612,29.8,30.1,45,23,0.3999999999999986,0,0,0
2026-03-12 23:54:24.044290,29.8,30.7,45,23,0.0,0,0,0
2026-03-12 23:54:40.404764,29.8,30.8,45,23,0.0,0,0,0
2026-03-12 23:54:56.716448,29.8,30.7,45,23,0.0,0,0,0
2026-03-12 23:55:12.920016,29.8,30.2,45,23,0.0,0,0,0
2026-03-12 23:55:29.356747,29.8,30.0,45,23,0.0,0,0,0
2026-03-12 23:55:45.678867,29.8,30.6,45,23,0.0,0,0,0
2026-03-12 23:56:02.647830,30.2,30.4,45,23,-0.3999999999999986,0,0,0
2026-03-12 23:56:19.928817,29.8,30.6,45,23,0.3999999999999986,0,0,0
2026-03-12 23:56:36.964316,29.8,30.6,45,23,0.0,0,0,0
2026-03-12 23:56:55.865136,29.8,30.6,45,23,0.0,0,0,0
2026-03-12 23:57:13.081411,29.8,30.0,45,23,0.0,0,0,0
2026-03-12 23:57:29.890102,29.8,30.6,45,23,0.0,0,0,0
2026-03-12 23:57:46.384510,29.8,30.5,45,23,0.0,0,0,0
2026-03-12 23:58:02.652583,29.8,30.9,45,23,0.0,0,0,0
2026-03-12 23:58:19.325050,29.8,30.6,45,23,0.0,0,0,0
2026-03-12 23:58:35.604355,29.8,30.5,45,23,0.0,0,0,0
2026-03-12 23:58:51.993426,29.8,30.4,45,23,0.0,0,0,0
2026-03-12 23:59:08.242365,29.8,30.9,45,23,0.0,0,0,0
2026-03-12 23:59:24.560305,29.8,30.7,45,23,0.0,0,0,0
2026-03-12 23:59:40.850736,29.8,30.7,45,23,0.0,0,0,0
2026-03-12 23:59:58.157841,29.8,30.7,45,23,0.0,0,0,0
2026-03-13 00:00:14.476311,29.8,30.8,45,0,0.0,0,0,0
2026-03-13 00:00:30.791183,29.8,30.0,45,0,0.0,0,0,0
2026-03-13 00:00:47.019023,29.8,30.5,45,0,0.0,0,0,0
2026-03-13 00:01:03.284309,27.84,30.1,45,0,1.9600000000000009,4,4,0
2026-03-13 00:01:23.604666,31.37,30.0,45,0,-3.530000000000001,0,0,0
2026-03-13 00:01:39.884383,29.8,30.7,45,0,1.5700000000000003,0,0,0
2026-03-13 00:01:56.074755,29.8,30.3,45,0,0.0,0,0,0
2026-03-13 00:02:12.877505,29.8,30.1,45,0,0.0,0,0,0
2026-03-13 00:02:34.313653,29.8,30.5,45,0,0.0,0,0,0
2026-03-13 00:02:50.667045,30.2,30.9,45,0,-0.3999999999999986,0,0,0
2026-03-13 00:03:07.266524,29.8,30.9,45,0,0.3999999999999986,0,0,0
2026-03-13 00:03:23.613800,29.02,30.8,45,0,0.7800000000000011,0,0,0
2026-03-13 00:03:39.906248,30.2,30.3,45,0,-1.1799999999999997,0,0,0
2026-03-13 00:03:56.225945,30.59,30.2,45,0,-0.39000000000000057,0,0,0
2026-03-13 00:04:12.514462,30.59,30.4,45,0,0.0,0,0,0
2026-03-13 00:04:28.788560,30.2,30.1,45,0,0.39000000000000057,0,0,0
2026-03-13 00:04:45.156390,30.2,30.6,45,0,0.0,0,0,0
2026-03-13 00:05:01.478697,30.2,30.6,45,0,0.0,0,0,0
2026-03-13 00:05:17.798584,29.8,30.0,45,0,0.3999999999999986,0,0,0
2026-03-13 00:05:34.115626,30.2,30.8,45,0,-0.3999999999999986,0,0,0
2026-03-13 00:05:50.415274,30.2,30.1,45,0,0.0,0,0,0
2026-03-13 00:06:06.759050,29.8,30.9,45,0,0.3999999999999986,0,0,0
2026-03-13 00:06:23.077297,30.2,30.9,45,0,-0.3999999999999986,0,0,0
2026-03-13 00:06:39.421071,29.8,30.3,45,0,0.3999999999999986,0,0,0
2026-03-13 00:06:55.629623,30.2,30.4,45,0,-0.3999999999999986,0,0,0
2026-03-13 00:07:12.036443,30.2,30.1,45,0,0.0,0,0,0
2026-03-13 00:07:28.358283,30.2,30.3,45,0,0.0,0,0,0
2026-03-13 00:07:44.675568,29.8,30.1,45,0,0.3999999999999986,0,0,0
2026-03-13 00:08:00.996888,29.8,30.7,45,0,0.0,0,0,0
2026-03-13 00:08:17.322860,29.8,30.8,45,0,0.0,0,0,0
2026-03-13 00:31:56.586145,29.41,30.6,45,0,0,0,0,0
2026-03-13 00:32:13.180069,29.41,30.6,45,0,0.0,0,0,0
2026-03-13 00:32:31.769594,29.41,30.0,45,0,0,0,0,0
2026-03-13 00:32:49.100331,29.41,30.4,45,0,0.0,0,0,0
2026-03-13 00:33:05.473735,29.41,30.8,45,0,0.0,0,0,0
2026-03-13 00:33:22.618241,29.41,30.8,45,0,0.0,0,0,0
2026-03-13 00:33:40.217492,29.41,30.5,45,0,0.0,0,0,0
2026-03-13 00:33:56.984915,29.41,30.5,45,0,0.0,0,0,0
2026-03-13 00:34:14.460299,29.41,30.5,45,0,0.0,0,0,0
2026-03-13 00:34:32.753992,29.41,30.5,45,0,0.0,0,0,0
2026-03-13 00:34:51.740194,29.41,30.5,45,0,0.0,0,0,0
2026-03-13 00:35:09.165893,28.24,30.7,45,0,1.1700000000000017,0,0,0
2026-03-13 00:35:25.800801,28.63,30.7,45,0,-0.39000000000000057,0,0,0
2026-03-13 00:35:43.420855,29.8,30.1,45,0,-1.1700000000000017,0,0,0
2026-03-13 00:35:59.737842,29.41,30.1,45,0,0.39000000000000057,0,0,0
2026-03-13 00:36:17.345275,29.41,30.4,45,0,0.0,0,0,0
2026-03-13 00:36:34.053937,29.41,30.4,45,0,0.0,0,0,0
2026-03-13 00:36:51.488972,29.41,30.4,45,0,0.0,0,0,0
2026-03-13 00:37:09.177549,29.02,30.4,45,0,0.39000000000000057,0,0,0
2026-03-13 00:37:26.778513,29.02,30.4,45,0,0.0,0,0,0
2026-03-13 00:37:44.124561,29.02,30.8,45,0,0.0,0,0,0
2026-03-13 00:38:00.661298,29.02,30.6,45,0,0.0,0,0,0
2026-03-13 00:38:17.041424,29.41,30.6,45,0,-0.39000000000000057,0,0,0
2026-03-13 00:38:34.913325,29.41,30.1,45,0,0.0,0,0,0
2026-03-13 00:38:51.563448,29.41,30.1,45,0,0.0,0,0,0
2026-03-13 00:39:09.188439,29.02,30.9,45,0,0.39000000000000057,0,0,0
2026-03-13 00:39:26.129574,29.02,30.5,45,0,0.0,0,0,0
2026-03-13 00:39:42.426450,29.02,30.4,45,0,0.0,0,0,0
2026-03-13 00:39:58.931136,29.02,30.7,45,0,0.0,0,0,0
2026-03-13 00:40:16.740509,29.02,30.6,45,0,0.0,0,0,0
2026-03-13 00:40:33.349854,29.02,30.6,45,0,0.0,0,0,0
2026-03-13 00:40:50.929015,29.02,30.9,45,0,0.0,0,0,0
2026-03-13 00:41:07.676104,29.02,30.9,45,0,0.0,0,0,0
2026-03-13 00:41:25.127406,29.02,30.9,45,0,0.0,0,0,0
2026-03-13 00:41:43.048502,29.02,30.9,45,0,0.0,0,0,0
2026-03-13 00:41:59.685392,29.02,30.2,45,0,0.0,0,0,0
2026-03-13 00:42:16.321236,29.02,30.2,45,0,0.0,0,0,0
2026-03-13 00:42:33.922764,29.02,30.2,45,0,0.0,0,0,0
2026-03-13 00:42:51.323888,29.02,30.1,45,0,0.0,0,0,0
2026-03-13 00:43:07.814828,29.02,30.7,45,0,0.0,0,0,0
2026-03-13 00:43:24.545487,29.02,30.1,45,0,0.0,0,0,0
2026-03-13 00:43:41.112902,29.02,30.0,45,0,0.0,0,0,0
2026-03-13 00:43:57.455208,29.02,30.0,45,0,0.0,0,0,0
2026-03-13 00:44:15.016301,29.02,30.7,45,0,0.0,0,0,0
2026-03-13 00:44:31.671057,28.24,30.7,45,0,0.7800000000000011,0,0,0
2026-03-13 00:44:49.332289,28.63,30.7,45,0,-0.39000000000000057,0,0,0
2026-03-13 00:45:06.222319,29.02,30.1,45,0,-0.39000000000000057,0,0,0
2026-03-13 00:45:22.868287,29.02,30.8,45,0,0.0,0,0,0
2026-03-13 00:45:39.506178,28.24,30.8,45,0,0.7800000000000011,0,0,0
2026-03-13 00:45:57.094603,29.41,30.5,45,0,-1.1700000000000017,0,0,0
2026-03-13 00:46:17.168299,29.02,30.5,45,0,0.39000000000000057,0,0,0
2026-03-13 00:46:34.532297,29.02,30.5,45,0,0.0,0,0,0
2026-03-13 00:46:51.832289,29.02,30.3,45,0,0.0,0,0,0
2026-03-13 00:47:08.421406,29.41,30.0,44,0,-0.39000000000000057,0,0,0
2026-03-13 00:47:24.746574,29.02,30.1,44,0,0.39000000000000057,0,0,0
2026-03-13 00:47:41.380291,29.02,30.1,44,0,0.0,0,0,0
2026-03-13 00:47:58.674514,29.02,30.6,44,0,0.0,0,0,0
2026-03-13 00:48:15.300298,29.02,30.6,44,0,0.0,0,0,0
2026-03-13 00:48:32.896300,29.02,30.6,44,0,0.0,0,0,0
2026-03-13 00:48:49.308286,29.02,30.2,44,0,0.0,0,0,0
2026-03-13 00:49:14.760288,27.06,30.6,44,0,1.9600000000000009,0,0,0
2026-03-13 00:49:35.172303,27.06,30.0,44,0,0.0,0,0,0
2026-03-13 00:49:55.588473,27.06,30.3,44,0,0.0,0,0,0
2026-03-13 00:50:21.037957,27.06,30.4,44,0,0.0,0,0,0
2026-03-13 00:50:41.464463,27.06,30.5,44,0,0.0,0,0,0
2026-03-13 00:51:01.884299,27.06,30.5,44,0,0.0,0,0,0
2026-03-13 00:51:28.336308,27.06,30.5,44,0,0.0,0,0,0
2026-03-13 00:51:49.760447,27.06,30.0,44,0,0.0,0,0,0
2026-03-13 00:52:10.180293,27.06,30.8,44,0,0.0,0,0,0
2026-03-13 00:52:35.620926,27.06,30.8,44,0,0.0,0,0,0
2026-03-13 00:52:57.040289,27.06,30.4,44,0,0.0,0,0,0
2026-03-13 00:53:17.456273,27.06,30.4,44,0,0.0,0,0,0
2026-03-13 00:53:42.900281,27.06,30.3,44,0,0.0,0,0,0
2026-03-13 00:54:03.316283,27.06,30.5,44,0,0.0,0,0,0
2026-03-13 00:54:23.728284,27.06,30.0,44,0,0.0,0,0,0
2026-03-13 00:54:49.152277,27.06,30.0,44,0,0.0,0,0,0
2026-03-13 00:55:09.564275,27.06,30.1,44,0,0.0,0,0,0
2026-03-13 00:55:35.068128,27.45,30.0,44,0,-0.39000000000000057,0,0,0
2026-03-13 00:55:55.480291,27.45,30.5,44,0,0.0,0,0,0
2026-03-13 00:56:15.892273,27.06,30.3,44,0,0.39000000000000057,0,0,0
2026-03-13 00:56:41.312281,27.06,30.3,44,0,0.0,0,0,0
2026-03-13 00:57:02.736277,27.06,30.3,44,0,0.0,0,0,0
2026-03-13 00:57:24.152284,27.06,30.3,44,0,0.0,0,0,0
2026-03-13 00:57:50.600276,27.06,30.4,44,0,0.0,0,0,0
2026-03-13 00:58:11.020492,27.06,30.6,44,0,0.0,0,0,0
2026-03-13 00:58:31.428291,27.06,30.5,44,0,0.0,0,0,0
2026-03-13 00:58:56.856283,27.84,30.4,44,0,-0.7800000000000011,0,0,0
2026-03-13 00:59:17.272197,28.63,30.4,44,0,-0.7899999999999991,0,0,0
2026-03-13 00:59:37.692288,28.24,30.4,44,0,0.39000000000000057,0,0,0
2026-03-13 01:00:04.121745,28.24,30.9,44,1,0.0,0,0,0
2026-03-13 01:00:24.543993,28.24,30.9,44,1,0.0,0,0,0
2026-03-13 01:00:50.981105,28.24,30.5,44,1,0.0,0,0,0
2026-03-13 01:01:11.400291,27.84,30.1,44,1,0.3999999999999986,0,0,0
2026-03-13 01:01:31.816276,27.84,30.2,44,1,0.0,0,0,0
2026-03-13 01:01:57.287761,27.45,30.2,44,1,0.39000000000000057,0,0,0
2026-03-13 01:02:18.708322,27.45,30.8,44,1,0.0,0,0,0
2026-03-13 01:02:39.120292,27.45,30.1,44,1,0.0,0,0,0
2026-03-13 01:03:04.547612,27.45,30.1,44,1,0.0,0,0,0
2026-03-13 01:03:25.968792,27.45,30.8,44,1,0.0,0,0,0
2026-03-13 01:03:46.392277,27.45,30.8,44,1,0.0,0,0,0
2026-03-13 01:04:12.818285,27.45,30.8,44,1,0.0,0,0,0
2026-03-13 01:04:34.267404,27.45,30.8,44,1,0.0,0,0,0
2026-03-13 01:04:55.685260,27.45,30.9,44,1,0.0,0,0,0
2026-03-13 01:05:21.129956,27.45,30.9,44,1,0.0,0,0,0
2026-03-13 01:05:42.552060,27.45,30.7,44,1,0.0,0,0,0
2026-03-13 01:06:02.973386,27.45,30.6,44,1,0.0,0,0,0
2026-03-13 01:06:28.423873,27.45,30.4,44,1,0.0,0,0,0
2026-03-13 01:06:48.840534,27.06,30.6,44,1,0.39000000000000057,0,0,0
2026-03-13 01:07:09.256311,27.06,30.2,44,1,0.0,0,0,0
2026-03-13 01:07:34.684167,27.45,30.1,44,1,-0.39000000000000057,0,0,0
2026-03-13 01:07:55.104078,27.45,30.1,44,1,0.0,0,0,0
2026-03-13 01:08:21.558029,27.06,30.1,44,1,0.39000000000000057,0,0,0
2026-03-13 01:08:42.975620,27.06,30.1,44,1,0.0,0,0,0
2026-03-13 01:09:04.388377,27.06,30.4,44,1,0.0,0,0,0
2026-03-13 01:09:29.816325,27.06,30.4,44,1,0.0,0,0,0
2026-03-13 01:09:56.252580,27.06,30.0,44,1,0.0,0,0,0
2026-03-13 01:10:16.658780,27.06,30.0,44,1,0.0,0,0,0
2026-03-13 01:10:38.078627,27.06,30.8,44,1,0.0,0,0,0
2026-03-13 01:11:03.594410,27.06,30.9,44,1,0.0,0,0,0
2026-03-13 01:11:24.008323,26.67,30.9,44,1,0.389999999999997,0,0,0
2026-03-13 01:11:45.428304,27.06,30.5,44,1,-0.389999999999997,0,0,0
2026-03-13 01:12:10.855867,27.06,30.0,44,1,0.0,0,0,0
2026-03-13 01:12:31.272311,26.67,30.8,44,1,0.389999999999997,0,0,0
2026-03-13 01:12:51.678427,26.67,30.8,44,1,0.0,0,0,0
2026-03-13 01:13:18.112584,26.67,30.7,44,1,0.0,0,0,0
2026-03-13 01:13:38.532276,27.06,30.6,44,1,-0.389999999999997,0,0,0
2026-03-13 01:13:58.948328,27.06,30.0,44,1,0.0,0,0,0
2026-03-13 01:14:24.395997,27.06,30.8,44,1,0.0,0,0,0
2026-03-13 01:14:44.812270,26.67,30.9,44,1,0.389999999999997,0,0,0
2026-03-13 01:15:05.230998,26.67,30.6,44,1,0.0,0,0,0
2026-03-13 01:15:30.664207,26.67,30.5,44,1,0.0,0,0,0
2026-03-13 01:15:51.080276,26.67,30.5,44,1,0.0,0,0,0
2026-03-13 01:16:12.504270,26.67,30.9,44,1,0.0,0,0,0
2026-03-13 01:16:37.952282,26.67,30.8,44,1,0.0,0,0,0
2026-03-13 01:16:58.368285,26.67,30.0,44,1,0.0,0,0,0
2026-03-13 01:17:18.780337,26.67,30.0,44,1,0.0,0,0,0
2026-03-13 01:17:44.218439,26.67,30.6,44,1,0.0,0,0,0
2026-03-13 01:18:09.684482,26.67,30.6,44,1,0.0,0,0,0
2026-03-13 01:18:31.103951,26.67,30.6,44,1,0.0,0,0,0
2026-03-13 01:18:51.525282,26.67,30.6,44,1,0.0,0,0,0
2026-03-13 01:19:17.978205,26.67,30.9,44,1,0.0,0,0,0
2026-03-13 01:19:38.427523,26.67,30.8,44,1,0.0,0,0,0
2026-03-13 01:19:58.846141,26.67,30.8,44,1,0.0,0,0,0
2026-03-13 01:20:25.289690,26.67,30.6,44,1,0.0,0,0,0
2026-03-13 01:20:41.748283,26.67,30.6,44,1,0.0,0,0,0
2026-03-13 01:20:58.191846,26.67,30.6,44,1,0.0,0,0,0
2026-03-13 01:21:15.704461,26.67,30.7,44,1,0.0,0,0,0
2026-03-13 01:21:32.292276,26.67,30.5,44,1,0.0,0,0,0
2026-03-13 01:21:48.892355,26.67,30.9,44,1,0.0,0,0,0
2026-03-13 01:22:05.218833,26.67,30.2,44,1,0.0,0,0,0
2026-03-13 01:22:21.534888,26.67,30.6,44,1,0.0,0,0,0
2026-03-13 01:22:37.872953,26.67,30.2,44,1,0.0,0,0,0
2026-03-13 01:22:54.508297,26.67,30.2,44,1,0.0,0,0,0
2026-03-13 01:23:12.164320,26.67,30.2,44,1,0.0,0,0,0
2026-03-13 01:23:29.770025,26.67,30.6,44,1,0.0,0,0,0
2026-03-13 01:23:46.392790,26.67,30.6,44,1,0.0,0,0,0
2026-03-13 01:24:03.958078,26.67,30.6,44,1,0.0,0,0,0
2026-03-13 01:24:21.667982,26.67,30.6,44,1,0.0,0,0,0
2026-03-13 01:24:39.088971,26.67,30.6,44,1,0.0,0,0,0
2026-03-13 01:24:56.345738,26.67,30.6,44,1,0.0,0,0,0
2026-03-13 01:25:13.721639,26.67,30.6,44,1,0.0,0,0,0
2026-03-13 01:25:31.034923,26.67,30.6,44,1,0.0,0,0,0
2026-03-13 01:25:48.580790,26.67,30.2,44,1,0.0,0,0,0
2026-03-13 01:26:05.220067,26.67,30.2,44,1,0.0,0,0,0
2026-03-13 01:26:22.653578,26.67,30.2,44,1,0.0,0,0,0
2026-03-13 01:26:40.107582,26.67,30.2,44,1,0.0,0,0,0
2026-03-13 01:26:58.018460,26.67,30.2,44,1,0.0,0,0,0
2026-03-13 01:27:15.642533,26.67,30.1,44,1,0.0,0,0,0
2026-03-13 01:27:31.979026,26.67,30.1,44,1,0.0,0,0,0
2026-03-13 01:27:49.543986,26.67,30.3,44,1,0.0,0,0,0
2026-03-13 01:28:06.116288,26.67,30.3,44,1,0.0,0,0,0
2026-03-13 01:28:23.503055,26.67,30.3,44,1,0.0,0,0,0
2026-03-13 01:28:40.844561,26.67,30.5,44,1,0.0,0,0,0
2026-03-13 01:28:57.308957,26.67,30.2,44,1,0.0,0,0,0
2026-03-13 01:29:14.042893,26.67,30.2,44,1,0.0,0,0,0
2026-03-13 01:29:31.463841,26.67,30.6,44,1,0.0,0,0,0
2026-03-13 01:29:48.748908,26.67,30.6,44,1,0.0,0,0,0
2026-03-13 01:30:06.484308,26.67,30.6,44,1,0.0,0,0,0
2026-03-13 01:30:24.138725,26.67,30.6,44,1,0.0,0,0,0
2026-03-13 01:30:42.159352,26.67,30.6,44,1,0.0,0,0,0
2026-03-13 01:30:59.660181,26.67,30.6,44,1,0.0,0,0,0
2026-03-13 01:31:17.198889,26.67,30.3,44,1,0.0,0,0,0
2026-03-13 01:31:34.200926,26.67,30.8,44,1,0.0,0,0,0
2026-03-13 01:31:50.580299,26.67,30.8,44,1,0.0,0,0,0
2026-03-13 01:32:07.904603,26.67,30.2,44,1,0.0,0,0,0
2026-03-13 01:32:24.750188,26.67,30.2,44,1,0.0,0,0,0
2026-03-13 01:32:42.062570,26.67,30.0,44,1,0.0,0,0,0
2026-03-13 01:32:58.666096,26.67,30.0,44,1,0.0,0,0,0
2026-03-13 01:33:16.227802,26.67,30.4,44,1,0.0,0,0,0
2026-03-13 01:33:32.843240,26.67,30.0,44,1,0.0,0,0,0
2026-03-13 01:33:49.491616,26.67,30.0,44,1,0.0,0,0,0
2026-03-13 01:34:07.420287,26.67,30.0,44,1,0.0,0,0,0
2026-03-13 01:34:24.995671,26.67,30.0,44,1,0.0,0,0,0
2026-03-13 01:34:42.590779,26.67,30.1,44,1,0.0,0,0,0
2026-03-13 01:34:59.589875,26.67,30.9,44,1,0.0,0,0,0
2026-03-13 01:35:16.576161,26.67,30.9,44,1,0.0,0,0,0
2026-03-13 01:35:33.929962,26.67,30.8,44,1,0.0,0,0,0
2026-03-13 01:35:50.260283,26.67,30.0,44,1,0.0,0,0,0
2026-03-13 01:36:06.795680,26.67,30.0,44,1,0.0,0,0,0
2026-03-13 01:36:24.980287,26.67,30.5,44,1,0.0,0,0,0
2026-03-13 01:36:41.364272,26.67,30.5,44,1,0.0,0,0,0
2026-03-13 01:36:58.932270,26.67,30.5,44,1,0.0,0,0,0
2026-03-13 01:37:16.896301,26.67,30.2,44,1,0.0,0,0,0
2026-03-13 01:37:33.491686,26.67,30.2,44,1,0.0,0,0,0
2026-03-13 01:37:51.054864,26.67,30.1,44,1,0.0,0,0,0
2026-03-13 01:38:12.599100,26.67,30.0,44,1,0.0,0,0,0
2026-03-13 01:38:28.969105,26.67,30.0,44,1,0.0,0,0,0
2026-03-13 01:38:46.371472,26.67,30.7,44,1,0.0,0,0,0
2026-03-13 01:39:02.732896,26.67,30.4,44,1,0.0,0,0,0
2026-03-13 01:39:19.084307,26.67,30.0,44,1,0.0,0,0,0
2026-03-13 01:39:35.733110,26.67,30.5,44,1,0.0,0,0,0
2026-03-13 01:39:52.324662,26.67,30.5,44,1,0.0,0,0,0
2026-03-13 01:40:09.030800,26.67,30.6,44,1,0.0,0,0,0
2026-03-13 01:40:25.366327,26.67,30.7,44,1,0.0,0,0,0
2026-03-13 01:40:42.053690,26.67,30.1,44,1,0.0,0,0,0
2026-03-13 01:40:58.625491,26.67,30.2,44,1,0.0,0,0,0
2026-03-13 01:41:15.200282,26.67,30.7,44,1,0.0,0,0,0
2026-03-13 01:41:32.168279,26.67,30.3,44,1,0.0,0,0,0
2026-03-13 01:41:48.552276,26.67,30.9,44,1,0.0,0,0,0
2026-03-13 01:42:04.954572,26.67,30.9,44,1,0.0,0,0,0
2026-03-13 01:42:22.393182,26.67,30.9,44,1,0.0,0,0,0
2026-03-13 01:42:40.311116,26.67,30.1,44,1,0.0,0,0,0
2026-03-13 01:42:56.997934,26.67,30.1,44,1,0.0,0,0,0
2026-03-13 01:43:14.564276,26.67,30.1,44,1,0.0,0,0,0
2026-03-13 01:43:32.480287,26.67,30.7,44,1,0.0,0,0,0
2026-03-13 01:43:49.492037,26.67,30.5,44,1,0.0,0,0,0
2026-03-13 01:44:06.374312,26.67,30.3,44,1,0.0,0,0,0
2026-03-13 01:44:23.093710,26.67,30.3,44,1,0.0,0,0,0
2026-03-13 01:44:40.694607,26.67,30.4,44,1,0.0,0,0,0
2026-03-13 01:44:57.336287,26.67,30.7,44,1,0.0,0,0,0
2026-03-13 01:45:13.962883,26.67,30.6,44,1,0.0,0,0,0
2026-03-13 01:45:30.538490,26.67,30.5,44,1,0.0,0,0,0
2026-03-13 01:45:47.177362,26.67,30.5,44,1,0.0,0,0,0
2026-03-13 01:46:04.752295,26.67,30.6,44,1,0.0,0,0,0
2026-03-13 01:46:21.421282,26.67,30.5,44,1,0.0,0,0,0
2026-03-13 01:46:38.186068,26.67,30.3,44,1,0.0,0,0,0
2026-03-13 01:46:55.011110,26.67,30.1,44,1,0.0,0,0,0
2026-03-13 01:47:11.661417,26.67,30.5,44,1,0.0,0,0,0
2026-03-13 01:47:28.024911,26.67,30.5,44,1,0.0,0,0,0
2026-03-13 01:47:45.828289,26.67,30.5,44,1,0.0,0,0,0
2026-03-13 01:48:02.270602,26.67,30.9,44,1,0.0,0,0,0
2026-03-13 01:48:18.900295,26.67,30.1,44,1,0.0,0,0,0
2026-03-13 01:48:35.323351,26.67,30.8,44,1,0.0,0,0,0
2026-03-13 01:48:51.820287,26.67,30.5,44,1,0.0,0,0,0
2026-03-13 01:49:08.244662,26.67,30.4,44,1,0.0,0,0,0
2026-03-13 01:49:25.078935,26.67,30.4,44,1,0.0,0,0,0
2026-03-13 01:49:42.724273,26.67,30.0,44,1,0.0,0,0,0
2026-03-13 01:49:59.212275,26.67,30.0,44,1,0.0,0,0,0
2026-03-13 01:50:15.956281,26.67,30.3,44,1,0.0,0,0,0
2026-03-13 01:50:32.576296,26.67,30.4,44,1,0.0,0,0,0
2026-03-13 01:50:48.960272,26.67,30.4,44,1,0.0,0,0,0
2026-03-13 01:51:06.944734,26.67,30.6,44,1,0.0,0,0,0
2026-03-13 01:51:23.588733,26.67,30.6,44,1,0.0,0,0,0
2026-03-13 01:51:41.000099,26.67,30.6,44,1,0.0,0,0,0
2026-03-13 01:51:58.480739,26.67,30.6,44,1,0.0,0,0,0
2026-03-13 01:52:15.776752,26.67,30.4,44,1,0.0,0,0,0
2026-03-13 01:52:32.392746,26.67,30.0,44,1,0.0,0,0,0
2026-03-13 01:52:48.759195,26.67,30.0,44,1,0.0,0,0,0
2026-03-13 01:53:06.329792,26.67,30.6,44,1,0.0,0,0,0
2026-03-13 01:53:22.646041,26.67,30.2,44,1,0.0,0,0,0
2026-03-13 01:53:39.284336,26.67,30.5,44,1,0.0,0,0,0
2026-03-13 01:53:55.955637,26.67,30.5,44,1,0.0,0,0,0
2026-03-13 01:54:13.525140,26.67,30.2,44,1,0.0,0,0,0
2026-03-13 01:54:30.168755,26.67,30.2,44,1,0.0,0,0,0
2026-03-13 01:54:47.768927,26.67,30.9,44,1,0.0,0,0,0
2026-03-13 01:55:04.392400,26.67,30.1,45,1,0.0,0,0,0
2026-03-13 01:55:20.952733,26.67,30.7,45,1,0.0,0,0,0
2026-03-13 01:55:45.324731,26.67,30.6,45,1,0.0,0,0,0
2026-03-13 01:56:01.764719,26.67,30.3,45,1,0.0,0,0,0
2026-03-13 01:56:18.890410,26.67,30.3,45,1,0.0,0,0,0
2026-03-13 01:56:36.426122,26.67,30.6,45,1,0.0,0,0,0
2026-03-13 01:56:52.726194,26.67,30.7,45,1,0.0,0,0,0
2026-03-13 01:57:09.085042,26.67,30.8,45,1,0.0,0,0,0
2026-03-13 01:57:25.531170,26.67,30.8,45,1,0.0,0,0,0
2026-03-13 01:57:43.162895,26.67,30.9,45,1,0.0,0,0,0
2026-03-13 01:57:59.819962,26.67,30.2,45,1,0.0,0,0,0
2026-03-13 01:58:16.140726,26.67,30.4,45,1,0.0,0,0,0
2026-03-13 01:58:32.784728,26.67,30.4,45,1,0.0,0,0,0
2026-03-13 01:58:50.376620,26.67,30.4,45,1,0.0,0,0,0
2026-03-13 01:59:08.004728,26.67,30.4,45,1,0.0,0,0,0
2026-03-13 01:59:25.980736,26.67,30.5,45,1,0.0,0,0,0
2026-03-13 01:59:42.564742,26.67,30.8,45,1,0.0,0,0,0
2026-03-13 01:59:59.211368,26.67,30.4,44,1,0.0,0,0,0
2026-03-13 02:00:15.848727,26.67,30.7,45,2,0.0,0,0,0
2026-03-13 02:00:32.475315,26.67,30.0,45,2,0.0,0,0,0
2026-03-13 02:00:49.092036,26.67,30.6,45,2,0.0,0,0,0
2026-03-13 02:01:05.741510,26.67,30.6,45,2,0.0,0,0,0
2026-03-13 02:01:23.329789,26.67,30.6,45,2,0.0,0,0,0
2026-03-13 02:01:40.942487,26.67,30.9,45,2,0.0,0,0,0
2026-03-13 02:01:57.585382,26.67,30.4,45,2,0.0,0,0,0
2026-03-13 02:02:14.227364,26.67,30.5,45,2,0.0,0,0,0
2026-03-13 02:02:30.863178,26.67,30.5,45,2,0.0,0,0,0
2026-03-13 02:02:48.455016,26.67,30.2,45,2,0.0,0,0,0
2026-03-13 02:03:05.072825,26.67,30.0,45,2,0.0,0,0,0
2026-03-13 02:03:21.721114,26.67,30.2,45,2,0.0,0,0,0
2026-03-13 02:03:39.394340,26.67,30.2,45,2,0.0,0,0,0
2026-03-13 02:03:56.866405,26.67,30.3,45,2,0.0,0,0,0
2026-03-13 02:04:13.293202,26.67,30.3,45,2,0.0,0,0,0
2026-03-13 02:04:29.952622,26.67,30.7,45,2,0.0,0,0,0
2026-03-13 02:04:46.591224,26.67,30.7,44,2,0.0,0,0,0
2026-03-13 02:05:03.162627,26.67,30.7,44,2,0.0,0,0,0
2026-03-13 02:05:20.764505,26.67,30.3,45,2,0.0,0,0,0
2026-03-13 02:05:37.404156,26.67,30.3,45,2,0.0,0,0,0
2026-03-13 02:05:57.787119,26.67,30.3,45,2,0.0,0,0,0
2026-03-13 02:06:15.164521,26.67,30.2,45,2,0.0,0,0,0
2026-03-13 02:06:31.801221,26.67,30.2,45,2,0.0,0,0,0
2026-03-13 02:06:49.722896,26.67,30.1,45,2,0.0,0,0,0
2026-03-13 02:07:06.432136,26.67,30.1,45,2,0.0,0,0,0
2026-03-13 02:07:23.971968,26.67,30.0,45,2,0.0,0,0,0
2026-03-13 02:07:40.606265,26.67,30.5,45,2,0.0,0,0,0
2026-03-13 02:07:57.246741,26.67,30.3,45,2,0.0,0,0,0
2026-03-13 02:08:13.564743,26.67,30.8,45,2,0.0,0,0,0
2026-03-13 02:08:30.310074,26.67,30.8,45,2,0.0,0,0,0
2026-03-13 02:08:47.807588,26.67,30.8,45,2,0.0,0,0,0
2026-03-13 02:09:06.056311,26.67,30.0,45,2,0.0,0,0,0
2026-03-13 02:09:22.676106,26.67,30.0,45,2,0.0,0,0,0
2026-03-13 02:09:40.280883,26.67,30.4,45,2,0.0,0,0,0
2026-03-13 02:09:56.918532,26.67,30.4,45,2,0.0,0,0,0
2026-03-13 02:10:14.562859,26.67,30.4,45,2,0.0,0,0,0
2026-03-13 02:10:32.157579,26.67,30.4,45,2,0.0,0,0,0
2026-03-13 02:10:49.495720,26.67,30.5,45,2,0.0,0,0,0
2026-03-13 02:11:06.044299,26.67,30.7,45,2,0.0,0,0,0
2026-03-13 02:11:22.685335,26.67,30.2,44,2,0.0,0,0,0
2026-03-13 02:11:39.313292,26.67,30.8,45,2,0.0,0,0,0
2026-03-13 02:11:55.667520,26.67,30.7,45,2,0.0,0,0,0
2026-03-13 02:12:12.293902,26.67,30.9,44,2,0.0,0,0,0
2026-03-13 02:12:28.988797,26.67,30.9,44,2,0.0,0,0,0
2026-03-13 02:12:46.543979,26.67,30.1,44,2,0.0,0,0,0
2026-03-13 02:13:03.187644,26.67,30.9,45,2,0.0,0,0,0
2026-03-13 02:13:19.813384,26.67,30.9,45,2,0.0,0,0,0
2026-03-13 02:13:37.422775,26.67,30.9,45,2,0.0,0,0,0
2026-03-13 02:13:54.068530,26.67,30.9,45,2,0.0,0,0,0
2026-03-13 02:14:11.670145,26.67,30.4,45,2,0.0,0,0,0
2026-03-13 02:14:28.274148,26.67,30.4,45,2,0.0,0,0,0
2026-03-13 02:14:45.909055,26.67,30.7,44,2,0.0,0,0,0
2026-03-13 02:15:02.556593,26.67,30.7,44,2,0.0,0,0,0
2026-03-13 02:15:20.143007,26.67,30.8,44,2,0.0,0,0,0
2026-03-13 02:15:36.764654,26.67,30.8,44,2,0.0,0,0,0
2026-03-13 02:15:54.668323,26.67,30.8,44,2,0.0,0,0,0
2026-03-13 02:16:12.256774,26.67,30.8,44,2,0.0,0,0,0
2026-03-13 02:16:29.887336,26.67,30.4,44,2,0.0,0,0,0
2026-03-13 02:16:46.854102,26.67,30.6,44,2,0.0,0,0,0
2026-03-13 02:17:03.422694,26.67,30.6,44,2,0.0,0,0,0
2026-03-13 02:17:20.993946,26.67,30.5,44,2,0.0,0,0,0
2026-03-13 02:17:37.326560,26.67,30.5,44,2,0.0,0,0,0
2026-03-13 02:17:58.117921,26.67,30.0,44,2,0.0,0,0,0
2026-03-13 02:18:14.432650,26.67,30.4,44,2,0.0,0,0,0
2026-03-13 02:18:31.124008,26.67,30.6,44,2,0.0,0,0,0
2026-03-13 02:18:48.025145,26.67,30.0,44,2,0.0,0,0,0
2026-03-13 02:19:04.638560,26.67,30.0,44,2,0.0,0,0,0
2026-03-13 02:19:22.255883,26.67,30.0,44,2,0.0,0,0,0
2026-03-13 02:19:39.852909,26.67,30.7,44,2,0.0,0,0,0
2026-03-13 02:19:56.493915,26.67,30.5,44,2,0.0,0,0,0
2026-03-13 02:20:13.448486,26.67,30.2,44,2,0.0,0,0,0
2026-03-13 02:20:30.085199,26.67,30.4,44,2,0.0,0,0,0
2026-03-13 02:20:46.715329,26.67,30.0,44,2,0.0,0,0,0
2026-03-13 02:21:04.028301,26.67,30.8,44,2,0.0,0,0,0
2026-03-13 02:21:20.362124,26.67,30.8,44,2,0.0,0,0,0
2026-03-13 02:21:37.276773,26.67,30.8,44,2,0.0,0,0,0
2026-03-13 02:21:54.875465,26.67,30.0,44,2,0.0,0,0,0
2026-03-13 02:22:11.528954,26.67,30.3,44,2,0.0,0,0,0
2026-03-13 02:22:28.153310,26.67,30.9,44,2,0.0,0,0,0
2026-03-13 02:22:44.792792,26.67,30.5,44,2,0.0,0,0,0
2026-03-13 02:23:01.431932,26.67,30.3,44,2,0.0,0,0,0
2026-03-13 02:23:17.751242,26.67,30.2,44,2,0.0,0,0,0
2026-03-13 02:23:34.388117,26.67,30.2,44,2,0.0,0,0,0
2026-03-13 02:23:51.992755,26.67,30.4,44,2,0.0,0,0,0
2026-03-13 02:24:08.296722,26.67,30.2,44,2,0.0,0,0,0
2026-03-13 02:24:24.656715,26.67,30.7,44,2,0.0,0,0,0
2026-03-13 02:24:40.990844,26.67,30.8,44,2,0.0,0,0,0
2026-03-13 02:24:57.320722,26.67,30.2,44,2,0.0,0,0,0
2026-03-13 02:25:13.648719,26.67,30.6,44,2,0.0,0,0,0
2026-03-13 02:25:30.580216,26.67,30.2,44,2,0.0,0,0,0
2026-03-13 02:25:46.942882,26.67,30.5,44,2,0.0,0,0,0
2026-03-13 02:26:03.588000,26.67,30.2,44,2,0.0,0,0,0
2026-03-13 02:26:19.980725,26.67,30.4,44,2,0.0,0,0,0
2026-03-13 02:26:36.617704,26.67,30.3,44,2,0.0,0,0,0
2026-03-13 02:26:53.207385,26.67,30.3,44,2,0.0,0,0,0
2026-03-13 02:27:10.805854,26.67,30.3,44,2,0.0,0,0,0
2026-03-13 02:27:28.400743,26.67,30.9,44,2,0.0,0,0,0
2026-03-13 02:27:44.800725,26.67,30.5,44,2,0.0,0,0,0
2026-03-13 02:28:01.336722,26.67,30.8,44,2,0.0,0,0,0
2026-03-13 02:28:17.700116,26.67,30.1,44,2,0.0,0,0,0
2026-03-13 02:28:34.663296,26.67,30.1,44,2,0.0,0,0,0
2026-03-13 02:28:51.312725,26.67,30.1,44,2,0.0,0,0,0
2026-03-13 02:29:07.628722,26.67,30.5,44,2,0.0,0,0,0
2026-03-13 02:29:24.011729,26.67,30.2,44,2,0.0,0,0,0
2026-03-13 02:29:40.559355,26.67,30.4,44,2,0.0,0,0,0
2026-03-13 02:29:56.914098,26.67,30.0,44,2,0.0,0,0,0
2026-03-13 02:30:13.518998,26.67,30.4,44,2,0.0,0,0,0
2026-03-13 02:30:29.868713,26.67,30.9,44,2,0.0,0,0,0
2026-03-13 02:30:46.529956,26.67,30.9,44,2,0.0,0,0,0
2026-03-13 02:31:08.928714,26.67,30.4,44,2,0.0,0,0,0
2026-03-13 02:31:25.574025,26.67,30.8,44,2,0.0,0,0,0
2026-03-13 02:31:42.853421,26.67,30.4,44,2,0.0,0,0,0
2026-03-13 02:31:59.492711,26.67,30.4,44,2,0.0,0,0,0
2026-03-13 02:32:17.097912,26.67,30.2,44,2,0.0,0,0,0
2026-03-13 02:32:33.732717,26.67,30.9,44,2,0.0,0,0,0
2026-03-13 02:32:50.372626,26.67,30.1,44,2,0.0,0,0,0
2026-03-13 02:33:07.011167,26.67,30.1,44,2,0.0,0,0,0
2026-03-13 02:33:24.611240,26.67,30.7,44,2,0.0,0,0,0
2026-03-13 02:33:41.245489,26.67,30.3,44,2,0.0,0,0,0
2026-03-13 02:33:57.886107,26.67,30.0,44,2,0.0,0,0,0
2026-03-13 02:34:14.507651,26.67,30.1,44,2,0.0,0,0,0
2026-03-13 02:34:31.161959,26.67,30.5,44,2,0.0,0,0,0
2026-03-13 02:34:47.801252,26.67,30.9,44,2,0.0,0,0,0
2026-03-13 02:35:04.444472,26.67,30.9,44,2,0.0,0,0,0
2026-03-13 02:35:22.041696,26.67,30.3,44,2,0.0,0,0,0
2026-03-13 02:35:38.996268,26.67,30.2,44,2,0.0,0,0,0
2026-03-13 02:35:55.638678,26.67,30.7,44,2,0.0,0,0,0
2026-03-13 02:36:12.280365,26.67,30.3,44,2,0.0,0,0,0
2026-03-13 02:36:28.601486,26.67,30.3,44,2,0.0,0,0,0
2026-03-13 02:36:46.263685,26.67,30.3,44,2,0.0,0,0,0
2026-03-13 02:37:03.777235,26.67,30.3,44,2,0.0,0,0,0
2026-03-13 02:37:21.786001,26.67,30.3,44,2,0.0,0,0,0
2026-03-13 02:37:39.316611,26.67,30.5,44,2,0.0,0,0,0
2026-03-13 02:37:55.956037,26.67,30.5,44,2,0.0,0,0,0
2026-03-13 02:38:13.550859,26.67,30.9,44,2,0.0,0,0,0
2026-03-13 02:38:29.877919,26.67,30.7,44,2,0.0,0,0,0
2026-03-13 02:38:46.516563,26.67,30.7,44,2,0.0,0,0,0
2026-03-13 02:39:04.117806,26.67,30.7,44,2,0.0,0,0,0
2026-03-13 02:39:21.733465,26.67,30.7,44,2,0.0,0,0,0
2026-03-13 02:39:39.329348,26.67,30.7,44,2,0.0,0,0,0
2026-03-13 02:39:56.676415,26.67,30.8,44,2,0.0,0,0,0
2026-03-13 02:40:13.251090,26.67,30.8,44,2,0.0,0,0,0
2026-03-13 02:40:31.492792,26.67,30.8,44,2,0.0,0,0,0
2026-03-13 02:40:49.091607,26.67,30.8,44,2,0.0,0,0,0
2026-03-13 02:41:06.693290,26.67,30.4,44,2,0.0,0,0,0
2026-03-13 02:41:23.401391,26.67,30.4,44,2,0.0,0,0,0
2026-03-13 02:41:41.558682,26.67,30.4,44,2,0.0,0,0,0
2026-03-13 02:41:59.167313,26.67,30.7,44,2,0.0,0,0,0
2026-03-13 02:42:15.814305,26.67,30.7,44,2,0.0,0,0,0
2026-03-13 02:42:33.727981,26.67,30.7,44,2,0.0,0,0,0
2026-03-13 02:42:51.371223,26.67,30.7,44,2,0.0,0,0,0
2026-03-13 02:43:08.913724,26.67,30.7,44,2,0.0,0,0,0
2026-03-13 02:43:26.528489,26.67,30.7,44,2,0.0,0,0,0
2026-03-13 02:43:44.130429,26.67,30.7,44,2,0.0,0,0,0
2026-03-13 02:44:02.048801,26.67,30.7,44,2,0.0,0,0,0
2026-03-13 02:44:19.651095,26.67,30.6,44,2,0.0,0,0,0
2026-03-13 02:44:36.287282,26.67,30.6,44,2,0.0,0,0,0
2026-03-13 02:44:54.209733,26.67,30.1,44,2,0.0,0,0,0
2026-03-13 02:45:10.843385,26.67,30.1,44,2,0.0,0,0,0
2026-03-13 02:45:28.406718,26.67,30.1,44,2,0.0,0,0,0
2026-03-13 02:45:46.116153,26.67,30.5,44,2,0.0,0,0,0
2026-03-13 02:46:02.376858,26.67,30.6,44,2,0.0,0,0,0
2026-03-13 02:46:19.037971,26.67,30.9,44,2,0.0,0,0,0
2026-03-13 02:46:35.580729,26.67,30.7,44,2,0.0,0,0,0
2026-03-13 02:46:51.937312,26.67,30.7,44,2,0.0,0,0,0
2026-03-13 02:47:09.556918,26.67,30.4,44,2,0.0,0,0,0
2026-03-13 02:47:26.210202,26.67,30.4,44,2,0.0,0,0,0
2026-03-13 02:47:43.835959,26.67,30.4,44,2,0.0,0,0,0
2026-03-13 02:48:01.430166,26.67,30.7,44,2,0.0,0,0,0
2026-03-13 02:48:18.442515,26.67,30.7,44,2,0.0,0,0,0
2026-03-13 02:48:36.046014,26.67,30.7,44,2,0.0,0,0,0
2026-03-13 02:48:53.581127,26.67,30.7,44,2,0.0,0,0,0
2026-03-13 02:49:11.181345,26.67,30.7,44,2,0.0,0,0,0
2026-03-13 02:49:28.818509,26.67,30.7,44,2,0.0,0,0,0
2026-03-13 02:49:46.368152,26.67,30.7,44,2,0.0,0,0,0
2026-03-13 02:50:03.612772,26.67,30.7,44,2,0.0,0,0,0
2026-03-13 02:50:21.214277,26.67,30.9,44,2,0.0,0,0,0
2026-03-13 02:50:37.848283,26.67,30.6,44,2,0.0,0,0,0
2026-03-13 02:50:54.472013,26.67,30.6,44,2,0.0,0,0,0
2026-03-13 02:51:12.074617,26.67,30.6,44,2,0.0,0,0,0
2026-03-13 02:51:28.713121,26.67,30.6,44,2,0.0,0,0,0
2026-03-13 02:51:46.295824,26.67,30.6,44,2,0.0,0,0,0
2026-03-13 02:52:04.222571,26.67,30.6,44,2,0.0,0,0,0
2026-03-13 02:52:21.825460,26.67,30.6,44,2,0.0,0,0,0
2026-03-13 02:52:39.523382,26.67,30.6,44,2,0.0,0,0,0
2026-03-13 02:52:57.032157,26.67,30.6,44,2,0.0,0,0,0
2026-03-13 02:53:14.628002,26.67,30.1,44,2,0.0,0,0,0
2026-03-13 02:53:31.264721,26.67,30.0,44,2,0.0,0,0,0
2026-03-13 02:53:47.903129,26.67,30.2,44,2,0.0,0,0,0
2026-03-13 02:54:04.588727,26.67,30.5,44,2,0.0,0,0,0
2026-03-13 02:54:21.220754,26.67,30.8,44,2,0.0,0,0,0
2026-03-13 02:54:37.799795,26.67,30.2,44,2,0.0,0,0,0
2026-03-13 02:54:54.772172,26.67,30.8,44,2,0.0,0,0,0
2026-03-13 02:55:11.400750,26.67,30.6,44,2,0.0,0,0,0
2026-03-13 02:55:28.040764,26.67,30.5,44,2,0.0,0,0,0
2026-03-13 02:55:44.376722,26.67,30.3,44,2,0.0,0,0,0
2026-03-13 02:56:01.004761,26.67,30.9,44,2,0.0,0,0,0
2026-03-13 02:56:17.640758,26.67,30.1,44,2,0.0,0,0,0
2026-03-13 02:56:35.100729,26.67,30.9,44,2,0.0,0,0,0
2026-03-13 02:56:51.524755,27.06,30.7,44,2,-0.389999999999997,0,0,0
2026-03-13 02:57:12.004753,27.06,30.3,44,2,0.0,0,0,0
2026-03-13 02:57:28.642923,26.67,30.8,44,2,0.389999999999997,0,0,0
2026-03-13 02:57:45.600745,27.06,30.0,44,2,-0.389999999999997,0,0,0
2026-03-13 02:58:02.240726,27.06,30.0,44,2,0.0,0,0,0
2026-03-13 02:58:19.852723,26.67,30.3,44,2,0.389999999999997,0,0,0
2026-03-13 02:58:36.484719,26.67,30.9,44,2,0.0,0,0,0
2026-03-13 02:58:53.756407,26.67,30.8,44,2,0.0,0,0,0
2026-03-13 02:59:10.395308,26.67,30.7,44,2,0.0,0,0,0
2026-03-13 02:59:27.355573,26.67,30.0,44,2,0.0,0,0,0
2026-03-13 02:59:43.992743,27.06,30.4,44,2,-0.389999999999997,0,0,0
2026-03-13 03:00:05.825952,26.67,30.7,44,3,0.389999999999997,0,0,0
2026-03-13 03:00:22.780733,26.67,30.7,44,3,0.0,0,0,0
2026-03-13 03:00:39.404720,26.67,30.8,44,3,0.0,0,0,0
2026-03-13 03:00:55.992736,27.06,30.8,44,3,-0.389999999999997,0,0,0
2026-03-13 03:01:13.588749,26.67,30.8,44,3,0.389999999999997,0,0,0
2026-03-13 03:01:31.196732,26.67,30.8,44,3,0.0,0,0,0
2026-03-13 03:01:48.787305,26.67,30.6,44,3,0.0,0,0,0
2026-03-13 03:02:05.453094,26.67,30.7,44,3,0.0,0,0,0
2026-03-13 03:02:23.052728,27.06,30.8,44,3,-0.389999999999997,0,0,0
2026-03-13 03:02:39.660720,26.67,30.3,44,3,0.389999999999997,0,0,0
2026-03-13 03:02:56.300729,26.67,30.3,44,3,0.0,0,0,0
2026-03-13 03:03:13.948479,26.67,30.1,44,3,0.0,0,0,0
2026-03-13 03:03:30.577409,26.67,30.1,44,3,0.0,0,0,0
2026-03-13 03:03:48.170504,26.67,30.1,44,3,0.0,0,0,0
2026-03-13 03:04:05.757406,26.67,30.4,44,3,0.0,0,0,0
2026-03-13 03:04:22.408767,26.67,30.4,44,3,0.0,0,0,0
2026-03-13 03:04:40.329238,26.67,30.4,44,3,0.0,0,0,0
2026-03-13 03:04:57.928744,26.67,30.4,44,3,0.0,0,0,0
2026-03-13 03:05:14.568912,26.67,30.2,44,3,0.0,0,0,0
2026-03-13 03:05:31.179167,27.06,30.4,44,3,-0.389999999999997,0,0,0
2026-03-13 03:05:47.817488,27.06,30.4,44,3,0.0,0,0,0
2026-03-13 03:06:04.456751,27.06,30.6,44,3,0.0,0,0,0
2026-03-13 03:06:21.088642,27.06,30.5,44,3,0.0,0,0,0
2026-03-13 03:06:37.741378,27.06,30.5,44,3,0.0,0,0,0
2026-03-13 03:06:55.340759,27.06,30.8,44,3,0.0,0,0,0
2026-03-13 03:07:12.063895,27.06,30.8,44,3,0.0,0,0,0
2026-03-13 03:07:29.909828,27.06,30.7,44,3,0.0,0,0,0
2026-03-13 03:07:46.541206,27.06,30.1,44,3,0.0,0,0,0
2026-03-13 03:08:03.196664,27.06,30.1,44,3,0.0,0,0,0
2026-03-13 03:08:20.800757,27.06,30.8,44,3,0.0,0,0,0
2026-03-13 03:08:37.436563,27.06,30.8,44,3,0.0,0,0,0
2026-03-13 03:08:55.678669,27.06,30.8,44,3,0.0,0,0,0
2026-03-13 03:09:13.408346,27.06,30.8,44,3,0.0,0,0,0
2026-03-13 03:09:30.876181,27.06,30.8,44,3,0.0,0,0,0
2026-03-13 03:09:48.483301,27.06,30.8,44,3,0.0,0,0,0
2026-03-13 03:10:06.094439,27.06,30.8,44,3,0.0,0,0,0
2026-03-13 03:10:23.684828,27.06,30.7,44,3,0.0,0,0,0
2026-03-13 03:10:40.005260,27.06,30.6,44,3,0.0,0,0,0
2026-03-13 03:10:56.654639,27.06,30.6,44,3,0.0,0,0,0
2026-03-13 03:11:14.262039,27.06,30.2,44,3,0.0,0,0,0
2026-03-13 03:11:30.866952,27.06,30.2,44,3,0.0,0,0,0
2026-03-13 03:11:48.502595,27.06,30.2,44,3,0.0,0,0,0
2026-03-13 03:12:06.418925,27.06,30.2,44,3,0.0,0,0,0
2026-03-13 03:12:24.028352,27.06,30.8,44,3,0.0,0,0,0
2026-03-13 03:12:40.669105,27.06,30.8,44,3,0.0,0,0,0
2026-03-13 03:12:57.299530,27.06,30.8,44,3,0.0,0,0,0
2026-03-13 03:13:15.227817,27.06,30.8,44,3,0.0,0,0,0
2026-03-13 03:13:32.799919,27.06,30.8,44,3,0.0,0,0,0
2026-03-13 03:13:50.396812,27.06,30.8,44,3,0.0,0,0,0
2026-03-13 03:14:08.030256,27.06,30.8,44,3,0.0,0,0,0
2026-03-13 03:14:25.631677,27.45,30.8,44,3,-0.39000000000000057,0,0,0
2026-03-13 03:14:43.233144,27.45,30.4,44,3,0.0,0,0,0
2026-03-13 03:15:00.192836,27.45,30.3,44,3,0.0,0,0,0
2026-03-13 03:15:16.835159,27.45,30.3,44,3,0.0,0,0,0
2026-03-13 03:15:34.444737,27.45,30.7,44,3,0.0,0,0,0
2026-03-13 03:15:51.075770,27.45,30.7,44,3,0.0,0,0,0
2026-03-13 03:16:08.685844,27.06,30.7,44,3,0.39000000000000057,0,0,0
2026-03-13 03:16:26.287905,27.45,30.7,44,3,-0.39000000000000057,0,0,0
2026-03-13 03:16:43.849848,27.45,30.7,44,3,0.0,0,0,0
2026-03-13 03:17:01.171199,27.45,30.8,44,3,0.0,0,0,0
2026-03-13 03:17:17.878974,27.06,30.4,44,3,0.39000000000000057,0,0,0
2026-03-13 03:17:34.450683,27.45,30.6,44,3,-0.39000000000000057,0,0,0
2026-03-13 03:17:51.161896,27.45,30.5,44,3,0.0,0,0,0
2026-03-13 03:18:07.705067,27.45,30.4,44,3,0.0,0,0,0
2026-03-13 03:18:24.369605,27.06,30.4,44,3,0.39000000000000057,0,0,0
2026-03-13 03:18:41.973103,27.45,30.1,44,3,-0.39000000000000057,0,0,0
2026-03-13 03:18:58.597719,27.45,30.5,44,3,0.0,0,0,0
2026-03-13 03:19:14.966784,27.45,30.0,44,3,0.0,0,0,0
2026-03-13 03:19:31.839479,27.06,30.0,44,3,0.39000000000000057,0,0,0
2026-03-13 03:19:49.170851,27.06,30.0,44,3,0.0,0,0,0
2026-03-13 03:20:05.852204,27.06,30.8,44,3,0.0,0,0,0
2026-03-13 03:20:22.453060,27.06,30.6,44,3,0.0,0,0,0
2026-03-13 03:20:39.067740,27.06,30.6,44,3,0.0,0,0,0
2026-03-13 03:20:56.690751,27.06,30.6,44,3,0.0,0,0,0
2026-03-13 03:21:14.294107,27.06,30.6,44,3,0.0,0,0,0
2026-03-13 03:21:31.896192,27.06,30.6,44,3,0.0,0,0,0
2026-03-13 03:21:49.473621,27.06,30.6,44,3,0.0,0,0,0
2026-03-13 03:22:07.395003,27.06,30.6,44,3,0.0,0,0,0
2026-03-13 03:22:25.085890,27.06,30.6,44,3,0.0,0,0,0
2026-03-13 03:22:42.617738,27.06,30.6,44,3,0.0,0,0,0
2026-03-13 03:23:00.218358,27.45,30.6,44,3,-0.39000000000000057,0,0,0
2026-03-13 03:23:17.819167,27.45,30.9,44,3,0.0,0,0,0
2026-03-13 03:23:34.448787,27.45,30.9,44,3,0.0,0,0,0
2026-03-13 03:23:51.816735,27.45,30.4,44,3,0.0,0,0,0
2026-03-13 03:24:08.372732,27.45,30.1,44,3,0.0,0,0,0
2026-03-13 03:24:25.016722,27.45,30.9,44,3,0.0,0,0,0
2026-03-13 03:24:41.735788,27.45,30.2,44,3,0.0,0,0,0
2026-03-13 03:24:58.269451,27.45,30.8,44,3,0.0,0,0,0
2026-03-13 03:25:14.612729,27.45,30.3,44,3,0.0,0,0,0
2026-03-13 03:25:31.248733,27.45,30.1,44,3,0.0,0,0,0
2026-03-13 03:25:48.216728,27.45,30.2,44,3,0.0,0,0,0
2026-03-13 03:26:04.528732,27.45,30.2,44,3,0.0,0,0,0
2026-03-13 03:26:22.776736,27.45,30.2,44,3,0.0,0,0,0
2026-03-13 03:26:40.358160,27.45,30.4,44,3,0.0,0,0,0
2026-03-13 03:26:57.557140,27.45,30.6,44,3,0.0,0,0,0
2026-03-13 03:27:13.981740,27.45,30.4,44,3,0.0,0,0,0
2026-03-13 03:27:30.944722,27.45,30.3,44,3,0.0,0,0,0
2026-03-13 03:27:47.584150,27.45,30.3,44,3,0.0,0,0,0
2026-03-13 03:28:05.184729,27.45,30.2,44,3,0.0,0,0,0
2026-03-13 03:28:21.820741,27.45,30.2,44,3,0.0,0,0,0
2026-03-13 03:28:38.460735,27.45,30.5,44,3,0.0,0,0,0
2026-03-13 03:28:55.168737,27.45,30.3,44,3,0.0,0,0,0
2026-03-13 03:29:11.731164,27.45,30.5,44,3,0.0,0,0,0
2026-03-13 03:29:28.376737,27.45,30.8,44,3,0.0,0,0,0
2026-03-13 03:29:45.022718,27.45,30.2,44,3,0.0,0,0,0
2026-03-13 03:30:01.662222,27.45,30.1,44,3,0.0,0,0,0
2026-03-13 03:30:17.983516,27.45,30.3,44,3,0.0,0,0,0
2026-03-13 03:30:34.624109,27.45,30.1,44,3,0.0,0,0,0
2026-03-13 03:30:51.263488,27.45,30.0,44,3,0.0,0,0,0
2026-03-13 03:31:07.888904,27.45,30.0,44,3,0.0,0,0,0
2026-03-13 03:31:25.524727,27.45,30.8,44,3,0.0,0,0,0
2026-03-13 03:31:42.136727,27.45,30.3,44,3,0.0,0,0,0
2026-03-13 03:31:59.100728,27.45,30.3,44,3,0.0,0,0,0
2026-03-13 03:32:16.700731,27.45,30.8,44,3,0.0,0,0,0
2026-03-13 03:32:33.340730,27.45,30.4,44,3,0.0,0,0,0
2026-03-13 03:32:49.978111,27.45,30.2,44,3,0.0,0,0,0
2026-03-13 03:33:06.584714,27.45,30.2,44,3,0.0,0,0,0
2026-03-13 03:33:23.404718,27.45,30.2,44,3,0.0,0,0,0
2026-03-13 03:33:39.896735,27.45,30.7,44,3,0.0,0,0,0
2026-03-13 03:33:56.216739,27.45,30.3,44,3,0.0,0,0,0
2026-03-13 03:34:13.256720,27.45,30.0,44,3,0.0,0,0,0
2026-03-13 03:34:29.824732,27.45,30.0,44,3,0.0,0,0,0
2026-03-13 03:34:47.416724,27.45,30.5,44,3,0.0,0,0,0
2026-03-13 03:35:04.376716,27.45,30.0,44,3,0.0,0,0,0
2026-03-13 03:35:21.016719,27.84,30.9,44,3,-0.39000000000000057,0,0,0
2026-03-13 03:35:37.656711,27.45,30.6,44,3,0.39000000000000057,0,0,0
2026-03-13 03:35:54.304715,27.45,30.1,44,3,0.0,0,0,0
2026-03-13 03:36:10.916691,27.45,30.7,44,3,0.0,0,0,0
2026-03-13 03:36:27.256933,27.45,30.4,44,3,0.0,0,0,0
2026-03-13 03:36:43.897467,27.45,30.0,44,3,0.0,0,0,0
2026-03-13 03:37:00.536724,27.45,30.2,44,3,0.0,0,0,0
2026-03-13 03:37:17.177780,27.45,30.3,44,3,0.0,0,0,0
2026-03-13 03:37:33.819892,27.45,30.9,44,3,0.0,0,0,0
2026-03-13 03:37:50.459785,27.45,30.5,44,3,0.0,0,0,0
2026-03-13 03:38:07.096719,27.45,30.1,44,3,0.0,0,0,0
2026-03-13 03:38:24.056750,27.45,30.5,44,3,0.0,0,0,0
2026-03-13 03:38:40.376720,27.45,30.3,44,3,0.0,0,0,0
2026-03-13 03:38:57.336717,27.45,30.4,44,3,0.0,0,0,0
2026-03-13 03:39:13.976717,27.45,30.5,44,3,0.0,0,0,0
2026-03-13 03:39:30.592718,27.45,30.2,44,3,0.0,0,0,0
2026-03-13 03:39:46.936715,27.45,30.1,44,3,0.0,0,0,0
2026-03-13 03:40:03.592714,27.45,30.1,44,3,0.0,0,0,0
2026-03-13 03:40:21.176727,27.45,30.5,44,3,0.0,0,0,0
2026-03-13 03:40:37.496749,27.45,30.5,44,3,0.0,0,0,0
2026-03-13 03:40:54.137448,27.45,30.1,44,3,0.0,0,0,0
2026-03-13 03:41:10.828724,27.45,30.4,44,3,0.0,0,0,0
2026-03-13 03:41:27.404739,27.45,30.3,44,3,0.0,0,0,0
2026-03-13 03:41:44.124723,27.45,30.3,44,3,0.0,0,0,0
2026-03-13 03:42:01.656933,27.45,30.1,44,3,0.0,0,0,0
2026-03-13 03:42:18.296712,27.45,30.7,44,3,0.0,0,0,0
2026-03-13 03:42:34.936749,27.45,30.7,44,3,0.0,0,0,0
2026-03-13 03:42:52.536720,27.45,30.7,44,3,0.0,0,0,0
2026-03-13 03:43:10.135956,27.45,30.6,44,3,0.0,0,0,0
2026-03-13 03:43:26.776714,27.45,30.8,44,3,0.0,0,0,0
2026-03-13 03:43:43.421059,27.45,30.9,44,3,0.0,0,0,0
2026-03-13 03:44:00.058647,27.45,30.9,44,3,0.0,0,0,0
2026-03-13 03:44:17.980765,27.84,30.2,44,3,-0.39000000000000057,0,0,0
2026-03-13 03:44:34.616782,27.84,30.2,44,3,0.0,0,0,0
2026-03-13 03:44:52.573037,27.84,30.5,44,3,0.0,0,0,0
2026-03-13 03:45:09.176807,27.45,30.5,44,3,0.39000000000000057,0,0,0
2026-03-13 03:45:26.772714,27.45,30.5,44,3,0.0,0,0,0
2026-03-13 03:45:43.415232,27.45,30.1,44,3,0.0,0,0,0
2026-03-13 03:46:00.088186,28.24,30.1,44,3,-0.7899999999999991,0,0,0
2026-03-13 03:46:16.695254,28.24,30.1,44,3,0.0,0,0,0
2026-03-13 03:46:34.299895,28.24,30.8,44,3,0.0,0,0,0
2026-03-13 03:46:50.905008,27.84,30.8,44,3,0.3999999999999986,0,0,0
2026-03-13 03:47:08.527667,27.84,30.8,44,3,0.0,0,0,0
2026-03-13 03:47:24.868771,27.84,30.8,44,3,0.0,0,0,0
2026-03-13 03:47:42.444759,27.84,30.8,44,3,0.0,0,0,0
2026-03-13 03:48:00.044800,27.84,30.8,44,3,0.0,0,0,0
2026-03-13 03:48:17.970564,27.84,30.5,44,3,0.0,0,0,0
2026-03-13 03:48:34.608722,27.84,30.3,44,3,0.0,0,0,0
2026-03-13 03:48:51.249206,27.84,30.3,44,3,0.0,0,0,0
2026-03-13 03:49:08.849928,27.84,30.8,44,3,0.0,0,0,0
2026-03-13 03:49:25.248294,27.84,30.6,44,3,0.0,0,0,0
2026-03-13 03:49:42.112731,27.84,30.7,44,3,0.0,0,0,0
2026-03-13 03:49:59.158894,27.84,30.1,44,3,0.0,0,0,0
2026-03-13 03:50:15.700714,27.84,30.1,44,3,0.0,0,0,0
2026-03-13 03:50:33.337920,27.84,30.1,44,3,0.0,0,0,0
2026-03-13 03:50:49.968203,28.24,30.2,44,3,-0.3999999999999986,0,0,0
2026-03-13 03:51:06.928740,28.63,30.8,44,3,-0.39000000000000057,0,0,0
2026-03-13 03:51:23.568742,28.63,30.2,44,3,0.0,0,0,0
2026-03-13 03:51:40.209699,28.63,30.6,44,3,0.0,0,0,0
2026-03-13 03:51:56.843349,28.63,30.0,44,3,0.0,0,0,0
2026-03-13 03:52:13.166557,28.63,30.0,44,3,0.0,0,0,0
2026-03-13 03:52:29.807013,28.63,30.3,44,3,0.0,0,0,0
2026-03-13 03:52:46.127628,28.63,30.6,44,3,0.0,0,0,0
2026-03-13 03:53:02.810013,28.63,30.6,44,3,0.0,0,0,0
2026-03-13 03:53:20.369777,28.63,30.6,44,3,0.0,0,0,0
2026-03-13 03:53:37.964538,28.63,30.7,44,3,0.0,0,0,0
2026-03-13 03:53:54.608345,28.63,30.7,44,3,0.0,0,0,0
2026-03-13 03:54:16.918332,28.63,30.7,44,3,0.0,0,0,0
2026-03-13 03:54:34.304744,28.63,30.7,44,3,0.0,0,0,0
2026-03-13 03:54:51.907582,28.63,30.8,44,3,0.0,0,0,0
2026-03-13 03:55:08.549131,28.63,30.9,44,3,0.0,0,0,0
2026-03-13 03:55:25.193000,28.63,30.5,44,3,0.0,0,0,0
2026-03-13 03:55:41.828269,28.63,30.5,44,3,0.0,0,0,0
2026-03-13 03:55:59.430665,28.63,30.5,44,3,0.0,0,0,0
2026-03-13 03:56:17.028069,29.02,30.5,44,3,-0.39000000000000057,0,0,0
2026-03-13 03:56:34.614918,29.02,30.2,44,3,0.0,0,0,0
2026-03-13 03:56:50.908277,29.02,30.5,44,3,0.0,0,0,0
2026-03-13 03:57:07.601685,29.02,30.5,44,3,0.0,0,0,0
2026-03-13 03:57:23.909613,29.02,30.5,44,3,0.0,0,0,0
2026-03-13 03:57:41.826295,29.02,30.5,44,3,0.0,0,0,0
2026-03-13 03:57:59.432549,29.02,30.2,44,3,0.0,0,0,0
2026-03-13 03:58:16.394677,29.02,30.2,44,3,0.0,0,0,0
2026-03-13 03:58:34.632782,29.02,30.2,44,3,0.0,0,0,0
2026-03-13 03:58:52.207502,29.41,30.4,44,3,-0.39000000000000057,0,0,0
2026-03-13 03:59:08.560693,29.8,30.9,44,3,-0.39000000000000057,0,0,0
2026-03-13 03:59:25.202306,29.8,30.4,44,3,0.0,0,0,0
2026-03-13 03:59:41.522037,29.8,30.4,44,3,0.0,0,0,0
2026-03-13 03:59:58.167118,29.8,30.4,44,3,0.0,0,0,0
2026-03-13 04:00:16.155361,29.8,30.4,44,4,0.0,0,0,0
2026-03-13 04:00:33.687886,29.8,30.4,44,4,0.0,0,0,0
2026-03-13 04:00:51.293816,30.2,30.4,44,4,-0.3999999999999986,0,0,0
2026-03-13 04:01:09.210860,30.2,30.9,44,4,0.0,0,0,0
2026-03-13 04:01:25.543176,30.2,30.9,44,4,0.0,0,0,0
2026-03-13 04:01:43.137069,30.2,30.1,44,4,0.0,0,0,0
2026-03-13 04:02:00.418618,30.2,30.7,44,4,0.0,0,0,0
2026-03-13 04:02:16.740166,29.8,30.0,44,4,0.3999999999999986,0,0,0
2026-03-13 04:02:33.389274,30.2,30.0,44,4,-0.3999999999999986,0,0,0
2026-03-13 04:02:50.983089,30.2,30.0,44,4,0.0,0,0,0
2026-03-13 04:03:07.709321,32.55,30.7,44,4,-2.349999999999998,0,0,0
2026-03-13 04:03:24.219035,32.94,30.8,44,4,-0.39000000000000057,0,0,0
2026-03-13 04:03:40.585993,32.94,30.0,44,4,0.0,0,0,0
2026-03-13 04:03:56.884450,32.94,30.0,44,4,0.0,0,0,0
2026-03-13 04:04:14.504853,33.33,30.1,44,4,-0.39000000000000057,0,0,0
2026-03-13 04:04:30.831489,33.33,30.1,44,4,0.0,0,0,0
2026-03-13 04:04:48.750184,33.33,30.1,44,4,0.0,0,0,0
2026-03-13 04:05:06.352856,33.33,30.5,44,4,0.0,0,0,0
2026-03-13 04:05:23.304730,33.33,30.4,44,4,0.0,0,0,0
2026-03-13 04:05:40.276262,33.73,30.9,44,4,-0.3999999999999986,0,0,0
2026-03-13 04:05:56.905159,33.73,30.9,44,4,0.0,0,0,0
2026-03-13 04:06:13.237255,33.73,30.9,44,4,0.0,0,0,0
2026-03-13 04:06:30.812803,33.73,30.6,44,4,0.0,0,0,0
2026-03-13 04:06:47.155285,33.73,30.2,44,4,0.0,0,0,0
2026-03-13 04:07:03.868731,33.73,30.0,44,4,0.0,0,0,0
2026-03-13 04:07:20.445010,33.73,30.0,44,4,0.0,0,0,0
2026-03-13 04:07:36.762188,33.73,30.0,44,4,0.0,0,0,0
2026-03-13 04:07:54.682632,33.73,30.9,44,4,0.0,0,0,0
2026-03-13 04:08:11.712801,33.73,30.7,44,4,0.0,0,0,0
2026-03-13 04:08:28.285554,33.73,30.8,44,4,0.0,0,0,0
2026-03-13 04:08:44.924637,34.12,30.9,44,4,-0.39000000000000057,0,0,0
2026-03-13 04:09:01.249544,34.12,30.2,44,4,0.0,0,0,0
2026-03-13 04:09:17.908125,34.12,30.7,44,4,0.0,0,0,0
2026-03-13 04:09:34.514297,34.12,30.1,44,4,0.0,0,0,0
2026-03-13 04:09:50.851169,34.12,30.7,44,4,0.0,0,0,0
2026-03-13 04:10:08.046839,34.12,30.9,44,4,0.0,0,0,0
2026-03-13 04:10:24.452475,34.12,30.8,44,4,0.0,0,0,0
2026-03-13 04:10:41.084773,34.12,30.1,44,4,0.0,0,0,0
2026-03-13 04:10:57.940857,34.12,30.0,44,4,0.0,0,0,0
2026-03-13 04:11:14.374709,34.12,30.2,44,4,0.0,0,0,0
2026-03-13 04:11:31.015985,34.12,30.5,44,4,0.0,0,0,0
2026-03-13 04:11:47.656777,34.12,30.0,44,4,0.0,0,0,0
2026-03-13 04:12:04.937852,34.12,30.0,44,4,0.0,0,0,0
2026-03-13 04:12:22.560054,34.51,30.0,44,4,-0.39000000000000057,0,0,0
2026-03-13 04:12:40.459070,34.51,30.0,44,4,0.0,0,0,0
2026-03-13 04:12:58.059411,34.51,30.6,44,4,0.0,0,0,0
2026-03-13 04:13:14.700033,34.51,30.2,44,4,0.0,0,0,0
2026-03-13 04:13:31.535777,34.51,30.2,44,4,0.0,0,0,0
2026-03-13 04:13:47.980180,34.51,30.6,44,4,0.0,0,0,0
2026-03-13 04:14:04.924718,34.51,30.6,44,4,0.0,0,0,0
2026-03-13 04:14:21.266974,34.51,30.6,44,4,0.0,0,0,0
2026-03-13 04:14:37.904877,34.51,30.3,44,4,0.0,0,0,0
2026-03-13 04:14:54.545470,34.51,30.3,44,4,0.0,0,0,0
2026-03-13 04:15:12.144757,34.51,30.9,44,4,0.0,0,0,0
2026-03-13 04:15:28.784488,34.51,30.7,44,4,0.0,0,0,0
2026-03-13 04:15:45.425553,34.51,30.6,44,4,0.0,0,0,0
2026-03-13 04:16:02.066106,34.51,30.2,44,4,0.0,0,0,0
2026-03-13 04:16:18.384722,34.51,30.2,44,4,0.0,0,0,0
2026-03-13 04:16:35.984723,34.51,30.9,44,4,0.0,0,0,0
2026-03-13 04:16:52.310310,34.51,30.9,44,4,0.0,0,0,0
2026-03-13 04:17:08.624713,34.51,30.0,44,4,0.0,0,0,0
2026-03-13 04:17:25.572721,34.51,30.3,44,4,0.0,0,0,0
2026-03-13 04:17:42.309875,34.9,30.5,44,4,-0.39000000000000057,0,0,0
2026-03-13 04:17:58.873421,34.9,30.4,44,4,0.0,0,0,0
2026-03-13 04:18:15.832719,34.9,30.1,44,4,0.0,0,0,0
2026-03-13 04:18:32.152340,34.9,30.9,44,4,0.0,0,0,0
2026-03-13 04:18:48.767231,34.9,30.6,44,4,0.0,0,0,0
2026-03-13 04:19:05.414524,34.9,30.3,44,4,0.0,0,0,0
2026-03-13 04:19:22.073331,34.9,30.5,44,4,0.0,0,0,0
2026-03-13 04:19:38.392594,34.9,30.9,44,4,0.0,0,0,0
2026-03-13 04:19:55.101066,34.9,30.2,44,4,0.0,0,0,0
2026-03-13 04:20:11.643406,34.9,30.3,44,4,0.0,0,0,0
2026-03-13 04:20:27.994981,34.9,30.3,44,4,0.0,0,0,0
2026-03-13 04:20:45.595726,34.9,30.9,44,4,0.0,0,0,0
2026-03-13 04:21:02.202229,34.9,30.4,44,4,0.0,0,0,0
2026-03-13 04:21:18.838891,34.9,30.5,44,4,0.0,0,0,0
2026-03-13 04:21:35.481252,34.9,30.3,44,4,0.0,0,0,0
2026-03-13 04:21:51.792529,34.9,30.0,44,4,0.0,0,0,0
2026-03-13 04:22:08.121153,34.9,30.3,44,4,0.0,0,0,0
2026-03-13 04:22:24.761896,34.9,30.9,44,4,0.0,0,0,0
2026-03-13 04:22:41.392743,34.9,30.9,44,4,0.0,0,0,0
2026-03-13 04:22:59.003427,34.9,30.4,44,4,0.0,0,0,0
2026-03-13 04:23:15.644360,34.9,30.2,44,4,0.0,0,0,0
2026-03-13 04:23:32.257621,35.29,30.2,44,4,-0.39000000000000057,0,0,0
2026-03-13 04:23:49.585035,35.29,30.9,44,4,0.0,0,0,0
2026-03-13 04:24:06.205834,35.29,30.9,44,4,0.0,0,0,0
2026-03-13 04:24:23.807011,35.29,30.5,44,4,0.0,0,0,0
2026-03-13 04:24:40.125408,35.29,30.5,44,4,0.0,0,0,0
2026-03-13 04:24:57.724863,35.29,30.1,44,4,0.0,0,0,0
2026-03-13 04:25:15.324490,35.29,30.1,44,4,0.0,0,0,0
2026-03-13 04:25:31.940282,35.29,30.9,44,4,0.0,0,0,0
2026-03-13 04:25:48.264441,35.29,30.5,44,4,0.0,0,0,0
2026-03-13 04:26:04.609342,35.29,30.5,44,4,0.0,0,0,0
2026-03-13 04:26:22.160853,35.69,30.5,44,4,-0.3999999999999986,0,0,0
2026-03-13 04:26:39.508975,35.69,30.3,44,4,0.0,0,0,0
2026-03-13 04:26:56.131261,35.69,30.3,44,4,0.0,0,0,0
2026-03-13 04:27:13.700725,35.69,30.3,44,4,0.0,0,0,0
2026-03-13 04:27:31.324874,35.69,30.0,44,4,0.0,0,0,0
2026-03-13 04:27:47.970181,35.69,30.4,44,4,0.0,0,0,0
2026-03-13 04:28:04.932797,35.69,30.4,44,4,0.0,0,0,0
2026-03-13 04:28:22.524879,35.69,30.0,44,4,0.0,0,0,0
2026-03-13 04:28:39.492962,35.69,30.4,44,4,0.0,0,0,0
2026-03-13 04:28:56.132824,35.69,30.4,44,4,0.0,0,0,0
2026-03-13 04:29:13.772150,35.69,30.0,44,4,0.0,0,0,0
2026-03-13 04:29:30.485008,35.69,30.8,44,4,0.0,0,0,0
2026-03-13 04:29:47.013483,35.69,30.2,44,4,0.0,0,0,0
2026-03-13 04:30:03.656229,35.69,30.2,44,4,0.0,0,0,0
2026-03-13 04:30:21.242781,35.69,30.6,44,4,0.0,0,0,0
2026-03-13 04:30:37.881832,35.69,30.6,44,4,0.0,0,0,0
2026-03-13 04:30:55.452781,35.69,30.6,44,4,0.0,0,0,0
2026-03-13 04:31:13.094509,35.69,30.6,44,4,0.0,0,0,0
2026-03-13 04:31:30.722966,35.69,30.3,44,4,0.0,0,0,0
2026-03-13 04:31:47.336108,35.69,30.4,44,4,0.0,0,0,0
2026-03-13 04:32:03.653525,36.08,30.4,44,4,-0.39000000000000057,0,0,0
2026-03-13 04:32:22.633018,36.08,30.2,44,4,0.0,0,0,0
2026-03-13 04:32:39.169670,36.08,30.2,44,4,0.0,0,0,0
2026-03-13 04:32:56.738753,36.08,30.3,44,4,0.0,0,0,0
2026-03-13 04:33:13.087943,36.08,30.1,44,4,0.0,0,0,0
2026-03-13 04:33:29.714961,36.08,30.9,44,4,0.0,0,0,0
2026-03-13 04:33:46.990528,36.08,30.5,44,4,0.0,0,0,0
2026-03-13 04:34:03.618272,36.08,30.8,44,4,0.0,0,0,0
2026-03-13 04:34:19.959443,36.08,30.6,44,4,0.0,0,0,0
2026-03-13 04:34:36.553412,36.08,30.9,44,4,0.0,0,0,0
2026-03-13 04:34:53.247216,36.08,30.6,44,4,0.0,0,0,0
2026-03-13 04:35:10.263314,36.08,30.6,44,4,0.0,0,0,0
2026-03-13 04:35:27.830158,36.08,30.8,44,4,0.0,0,0,0
2026-03-13 04:35:44.426002,36.47,30.6,44,4,-0.39000000000000057,0,0,0
2026-03-13 04:36:01.067980,36.08,30.6,44,4,0.39000000000000057,0,0,0
2026-03-13 04:36:19.375876,36.08,30.7,44,4,0.0,0,0,0
2026-03-13 04:36:36.016435,36.47,30.1,44,4,-0.39000000000000057,0,0,0
2026-03-13 04:36:52.586925,36.47,30.6,44,4,0.0,0,0,0
2026-03-13 04:37:09.864805,36.47,30.6,44,4,0.0,0,0,0
2026-03-13 04:37:27.498165,36.47,30.8,44,4,0.0,0,0,0
2026-03-13 04:37:44.100089,36.47,30.8,44,4,0.0,0,0,0
2026-03-13 04:38:01.704155,36.47,30.8,44,4,0.0,0,0,0
2026-03-13 04:38:19.298605,36.47,30.8,44,4,0.0,0,0,0
2026-03-13 04:38:36.968724,36.47,30.8,44,4,0.0,0,0,0
2026-03-13 04:38:54.178707,36.47,30.1,44,4,0.0,0,0,0
2026-03-13 04:39:10.808200,36.47,30.1,44,4,0.0,0,0,0
2026-03-13 04:39:28.409392,36.47,30.1,44,4,0.0,0,0,0
2026-03-13 04:39:46.017416,36.47,30.1,44,4,0.0,0,0,0
2026-03-13 04:40:04.002411,36.47,30.1,44,4,0.0,0,0,0
2026-03-13 04:40:21.525962,36.47,30.9,44,4,0.0,0,0,0
2026-03-13 04:40:38.113960,36.47,30.5,44,4,0.0,0,0,0
2026-03-13 04:40:54.514851,36.47,30.1,44,4,0.0,0,0,0
2026-03-13 04:41:11.062890,36.47,30.1,44,4,0.0,0,0,0
2026-03-13 04:41:28.411270,36.47,30.1,44,4,0.0,0,0,0
2026-03-13 04:41:46.014167,36.47,30.1,44,4,0.0,0,0,0
2026-03-13 04:42:03.616328,36.47,30.5,44,4,0.0,0,0,0
2026-03-13 04:42:20.569728,36.47,30.7,44,4,0.0,0,0,0
2026-03-13 04:42:37.504768,36.47,30.5,44,4,0.0,0,0,0
2026-03-13 04:42:54.483423,36.47,30.6,44,4,0.0,0,0,0
2026-03-13 04:43:10.804732,36.47,30.2,44,4,0.0,0,0,0
2026-03-13 04:43:27.448651,36.47,30.3,44,4,0.0,0,0,0
2026-03-13 04:43:44.407716,36.47,30.0,44,4,0.0,0,0,0
2026-03-13 04:44:01.112727,36.47,30.0,44,4,0.0,0,0,0
2026-03-13 04:44:18.624740,36.47,30.0,44,4,0.0,0,0,0
2026-03-13 04:44:36.244737,36.47,30.0,44,4,0.0,0,0,0
2026-03-13 04:44:53.844731,36.47,30.9,44,4,0.0,0,0,0
2026-03-13 04:45:10.166432,36.47,30.9,44,4,0.0,0,0,0
2026-03-13 04:45:28.408357,36.47,30.1,44,4,0.0,0,0,0
2026-03-13 04:45:45.363020,36.47,30.6,44,4,0.0,0,0,0
2026-03-13 04:46:02.114463,36.47,30.5,44,4,0.0,0,0,0
2026-03-13 04:46:18.649426,36.47,30.0,44,4,0.0,0,0,0
2026-03-13 04:46:36.315169,36.47,30.0,44,4,0.0,0,0,0
2026-03-13 04:46:53.824731,36.86,30.5,44,4,-0.39000000000000057,0,0,0
2026-03-13 04:47:10.844744,36.47,30.3,44,4,0.39000000000000057,0,0,0
2026-03-13 04:47:27.444773,36.86,30.7,44,4,-0.39000000000000057,0,0,0
2026-03-13 04:47:44.074772,36.86,30.6,44,4,0.0,0,0,0
2026-03-13 04:48:00.730146,36.86,30.1,44,4,0.0,0,0,0
2026-03-13 04:48:20.588734,36.86,30.2,43,4,0.0,0,0,0
2026-03-13 04:48:37.232580,36.86,30.3,44,4,0.0,0,0,0
2026-03-13 04:48:53.616156,36.86,30.2,44,4,0.0,0,0,0
2026-03-13 04:49:10.180748,36.86,30.4,44,4,0.0,0,0,0
2026-03-13 04:49:30.600751,36.86,30.4,44,4,0.0,0,0,0
2026-03-13 04:49:46.960727,36.86,30.5,44,4,0.0,0,0,0
2026-03-13 04:50:03.596731,36.86,30.8,44,4,0.0,0,0,0
2026-03-13 04:50:20.242230,36.86,30.8,44,4,0.0,0,0,0
2026-03-13 04:50:36.923333,36.86,30.4,44,4,0.0,0,0,0
2026-03-13 04:50:53.495481,36.86,30.0,44,4,0.0,0,0,0
2026-03-13 04:51:09.838604,36.86,30.0,44,4,0.0,0,0,0
2026-03-13 04:51:27.412733,36.86,30.8,44,4,0.0,0,0,0
2026-03-13 04:51:44.151479,36.86,30.8,44,4,0.0,0,0,0
2026-03-13 04:52:01.679968,36.86,30.8,44,4,0.0,0,0,0
2026-03-13 04:52:19.280742,36.86,30.7,44,4,0.0,0,0,0
2026-03-13 04:52:35.920743,36.86,30.5,44,4,0.0,0,0,0
2026-03-13 04:52:52.240725,36.86,30.0,44,4,0.0,0,0,0
2026-03-13 04:53:08.560718,36.86,30.1,44,4,0.0,0,0,0
2026-03-13 04:53:25.200719,36.86,30.0,44,4,0.0,0,0,0
2026-03-13 04:53:42.161530,36.86,30.6,44,4,0.0,0,0,0
2026-03-13 04:53:58.470291,37.25,30.6,44,4,-0.39000000000000057,0,0,0
2026-03-13 04:54:16.392740,37.25,30.5,44,4,0.0,0,0,0
2026-03-13 04:54:33.036716,37.25,30.1,44,4,0.0,0,0,0
2026-03-13 04:54:49.678853,36.86,30.7,44,4,0.39000000000000057,0,0,0
2026-03-13 04:55:05.999031,36.86,30.6,44,4,0.0,0,0,0
2026-03-13 04:55:22.639476,36.86,30.3,44,4,0.0,0,0,0
2026-03-13 04:55:39.250225,36.86,30.0,44,4,0.0,0,0,0
2026-03-13 04:55:55.916729,36.86,30.7,44,4,0.0,0,0,0
2026-03-13 04:56:13.199993,36.86,30.5,44,4,0.0,0,0,0
2026-03-13 04:56:29.820721,36.86,30.1,44,4,0.0,0,0,0
2026-03-13 04:56:46.156720,37.25,30.5,44,4,-0.39000000000000057,0,0,0
2026-03-13 04:57:02.476719,37.25,30.0,44,4,0.0,0,0,0
2026-03-13 04:57:19.160718,37.25,30.0,44,4,0.0,0,0,0
2026-03-13 04:57:36.725078,37.25,30.5,44,4,0.0,0,0,0
2026-03-13 04:57:53.398671,37.25,30.5,44,4,0.0,0,0,0
2026-03-13 04:58:09.996719,37.25,30.7,44,4,0.0,0,0,0
2026-03-13 04:58:26.636725,37.25,30.2,44,4,0.0,0,0,0
2026-03-13 04:58:43.278940,37.25,30.1,44,4,0.0,0,0,0
2026-03-13 04:58:59.957203,37.25,30.3,44,4,0.0,0,0,0
2026-03-13 04:59:16.554942,37.25,30.3,44,4,0.0,0,0,0
2026-03-13 04:59:34.224725,37.25,30.0,44,4,0.0,0,0,0
2026-03-13 04:59:50.796720,37.25,30.9,44,4,0.0,0,0,0
2026-03-13 05:00:07.104046,37.25,30.5,44,5,0.0,0,0,0
2026-03-13 05:00:23.436714,37.25,30.6,44,5,0.0,0,0,0
2026-03-13 05:00:40.076731,37.25,30.6,44,5,0.0,0,0,0
2026-03-13 05:00:57.650128,37.25,30.4,44,5,0.0,0,0,0
2026-03-13 05:01:14.318849,37.25,30.3,44,5,0.0,0,0,0
2026-03-13 05:01:31.277400,37.25,30.4,44,5,0.0,0,0,0
2026-03-13 05:01:48.538057,37.25,30.4,44,5,0.0,0,0,0
2026-03-13 05:02:04.877634,37.25,30.5,44,5,0.0,0,0,0
2026-03-13 05:02:21.868714,37.25,30.5,44,5,0.0,0,0,0
2026-03-13 05:02:39.436714,37.25,30.2,44,5,0.0,0,0,0
2026-03-13 05:02:56.080712,37.25,30.2,44,5,0.0,0,0,0
2026-03-13 05:03:12.740749,37.25,30.2,44,5,0.0,0,0,0
2026-03-13 05:03:30.317345,37.25,30.2,44,5,0.0,0,0,0
2026-03-13 05:03:47.916752,37.25,30.0,44,5,0.0,0,0,0
2026-03-13 05:04:04.878254,37.25,30.0,44,5,0.0,0,0,0
2026-03-13 05:04:22.792757,37.25,30.9,44,5,0.0,0,0,0
2026-03-13 05:04:39.432018,37.25,30.0,44,5,0.0,0,0,0
2026-03-13 05:04:56.065123,37.25,30.6,44,5,0.0,0,0,0
2026-03-13 05:05:12.396745,37.25,30.0,44,5,0.0,0,0,0
2026-03-13 05:05:29.356740,37.25,30.6,44,5,0.0,0,0,0
2026-03-13 05:05:46.639864,37.25,30.6,44,5,0.0,0,0,0
2026-03-13 05:06:04.238604,37.25,30.8,44,5,0.0,0,0,0
2026-03-13 05:06:20.876740,37.25,30.8,44,5,0.0,0,0,0
2026-03-13 05:06:38.476750,37.25,30.8,44,5,0.0,0,0,0
2026-03-13 05:06:55.112754,37.25,30.8,44,5,0.0,0,0,0
2026-03-13 05:07:13.089147,37.25,30.8,44,5,0.0,0,0,0
2026-03-13 05:07:30.640755,37.25,30.2,44,5,0.0,0,0,0
2026-03-13 05:07:47.279419,37.25,30.2,44,5,0.0,0,0,0
2026-03-13 05:08:04.883069,37.25,30.3,44,5,0.0,0,0,0
2026-03-13 05:08:21.525487,37.25,30.3,44,5,0.0,0,0,0
2026-03-13 05:08:39.508761,37.25,30.3,44,5,0.0,0,0,0
2026-03-13 05:08:57.041995,37.25,30.9,44,5,0.0,0,0,0
2026-03-13 05:09:13.358014,37.25,30.9,44,5,0.0,0,0,0
2026-03-13 05:09:30.956744,37.25,30.9,44,5,0.0,0,0,0
2026-03-13 05:09:48.881760,37.25,30.4,44,5,0.0,0,0,0
2026-03-13 05:10:05.524744,37.25,30.4,44,5,0.0,0,0,0
2026-03-13 05:10:22.160780,37.25,30.4,44,5,0.0,0,0,0
2026-03-13 05:10:39.759681,37.25,30.4,44,5,0.0,0,0,0
2026-03-13 05:10:57.356902,37.25,30.3,44,5,0.0,0,0,0
2026-03-13 05:11:14.002481,37.25,30.3,44,5,0.0,0,0,0
2026-03-13 05:11:31.632737,37.25,30.3,44,5,0.0,0,0,0
2026-03-13 05:11:49.200745,37.25,30.1,44,5,0.0,0,0,0
2026-03-13 05:12:05.842882,37.25,30.1,44,5,0.0,0,0,0
2026-03-13 05:12:23.443910,37.25,30.1,44,5,0.0,0,0,0
2026-03-13 05:12:40.989402,37.25,30.1,44,5,0.0,0,0,0
2026-03-13 05:12:58.641159,37.25,30.1,44,5,0.0,0,0,0
2026-03-13 05:13:16.236576,37.25,30.1,44,5,0.0,0,0,0
2026-03-13 05:13:32.566180,37.25,30.1,44,5,0.0,0,0,0
2026-03-13 05:13:49.157668,37.25,30.1,44,5,0.0,0,0,0
2026-03-13 05:14:06.485162,37.25,30.3,44,5,0.0,0,0,0
2026-03-13 05:14:23.124376,37.25,30.5,44,5,0.0,0,0,0
2026-03-13 05:14:39.742176,37.25,30.5,44,5,0.0,0,0,0
2026-03-13 05:14:57.366264,37.25,30.9,44,5,0.0,0,0,0
2026-03-13 05:15:14.327550,37.65,30.9,44,5,-0.3999999999999986,0,0,0
2026-03-13 05:15:31.964755,37.65,30.5,44,5,0.0,0,0,0
2026-03-13 05:15:48.916300,37.65,30.5,44,5,0.0,0,0,0
2026-03-13 05:16:06.515223,37.65,30.9,44,5,0.0,0,0,0
2026-03-13 05:16:23.160255,37.65,30.4,44,5,0.0,0,0,0
2026-03-13 05:16:39.805124,37.65,30.7,44,5,0.0,0,0,0
2026-03-13 05:16:56.425865,37.65,30.6,44,5,0.0,0,0,0
2026-03-13 05:17:13.479692,37.65,30.6,44,5,0.0,0,0,0
2026-03-13 05:17:30.994054,37.65,30.7,44,5,0.0,0,0,0
2026-03-13 05:17:47.637305,38.04,30.0,44,5,-0.39000000000000057,0,0,0
2026-03-13 05:18:04.276991,38.04,30.6,44,5,0.0,0,0,0
2026-03-13 05:18:20.916756,38.04,30.0,44,5,0.0,0,0,0
2026-03-13 05:18:37.557370,38.04,30.0,44,5,0.0,0,0,0
2026-03-13 05:18:55.193743,38.04,30.0,44,5,0.0,0,0,0
2026-03-13 05:19:12.766790,38.04,30.0,44,5,0.0,0,0,0
2026-03-13 05:19:30.356168,38.04,30.2,44,5,0.0,0,0,0
2026-03-13 05:19:47.002042,38.04,30.1,44,5,0.0,0,0,0
2026-03-13 05:20:03.960474,38.04,30.3,44,5,0.0,0,0,0
2026-03-13 05:20:20.599430,38.04,30.3,44,5,0.0,0,0,0
2026-03-13 05:20:38.188012,38.04,30.5,44,5,0.0,0,0,0
2026-03-13 05:20:54.838768,38.04,30.8,44,5,0.0,0,0,0
2026-03-13 05:21:11.482128,38.04,30.3,44,5,0.0,0,0,0
2026-03-13 05:21:28.115667,38.04,30.2,44,5,0.0,0,0,0
2026-03-13 05:21:44.429163,38.04,30.2,44,5,0.0,0,0,0
2026-03-13 05:22:01.077021,38.04,30.9,44,5,0.0,0,0,0
2026-03-13 05:22:17.780312,38.04,30.0,44,5,0.0,0,0,0
2026-03-13 05:22:34.362368,38.04,30.0,44,5,0.0,0,0,0
2026-03-13 05:22:52.279993,38.04,30.0,44,5,0.0,0,0,0
2026-03-13 05:23:09.880833,38.04,30.0,44,5,0.0,0,0,0
2026-03-13 05:23:26.525442,38.04,30.0,44,5,0.0,0,0,0
2026-03-13 05:23:44.090861,38.04,30.7,44,5,0.0,0,0,0
2026-03-13 05:24:00.440714,38.04,30.6,44,5,0.0,0,0,0
2026-03-13 05:24:17.065829,38.04,30.6,44,5,0.0,0,0,0
2026-03-13 05:24:34.681683,38.04,30.0,44,5,0.0,0,0,0
2026-03-13 05:24:51.316749,38.04,30.2,44,5,0.0,0,0,0
2026-03-13 05:25:07.957122,38.04,30.5,44,5,0.0,0,0,0
2026-03-13 05:25:24.604976,38.04,30.4,44,5,0.0,0,0,0
2026-03-13 05:25:41.240722,38.04,30.0,44,5,0.0,0,0,0
2026-03-13 05:25:57.880718,38.04,30.5,44,5,0.0,0,0,0
2026-03-13 05:26:14.520791,38.04,30.5,44,5,0.0,0,0,0
2026-03-13 05:26:32.120717,38.43,30.3,44,5,-0.39000000000000057,0,0,0
2026-03-13 05:26:48.767127,38.43,30.5,44,5,0.0,0,0,0
2026-03-13 05:27:05.536723,38.43,30.2,44,5,0.0,0,0,0
2026-03-13 05:27:22.104343,38.43,30.8,44,5,0.0,0,0,0
2026-03-13 05:27:39.000746,38.43,30.8,44,5,0.0,0,0,0
2026-03-13 05:27:55.649242,38.43,30.3,44,5,0.0,0,0,0
2026-03-13 05:28:12.285690,38.43,30.3,44,5,0.0,0,0,0
2026-03-13 05:28:29.924758,38.43,30.3,44,5,0.0,0,0,0
2026-03-13 05:28:47.438606,38.43,30.3,44,5,0.0,0,0,0
2026-03-13 05:29:03.776717,38.43,30.9,44,5,0.0,0,0,0
2026-03-13 05:29:20.356755,38.43,30.9,44,5,0.0,0,0,0
2026-03-13 05:29:36.733947,38.43,30.1,44,5,0.0,0,0,0
2026-03-13 05:29:53.375692,38.43,30.1,44,5,0.0,0,0,0
2026-03-13 05:30:11.308242,38.43,30.5,44,5,0.0,0,0,0
2026-03-13 05:30:27.920796,38.43,30.3,44,5,0.0,0,0,0
2026-03-13 05:30:44.384735,38.43,30.3,44,5,0.0,0,0,0
2026-03-13 05:31:01.868724,38.43,30.1,44,5,0.0,0,0,0
2026-03-13 05:31:18.482549,38.43,30.0,44,5,0.0,0,0,0
2026-03-13 05:31:35.132753,38.43,30.9,44,5,0.0,0,0,0
2026-03-13 05:31:51.776719,38.43,30.2,44,5,0.0,0,0,0
2026-03-13 05:32:08.092721,38.43,30.7,44,5,0.0,0,0,0
2026-03-13 05:32:24.736702,38.43,30.3,44,5,0.0,0,0,0
2026-03-13 05:32:41.395255,38.43,30.5,44,5,0.0,0,0,0
2026-03-13 05:32:58.015588,38.43,30.5,44,5,0.0,0,0,0
2026-03-13 05:33:15.616777,38.43,30.5,44,5,0.0,0,0,0
2026-03-13 05:33:33.216422,38.43,30.5,44,5,0.0,0,0,0
2026-03-13 05:33:50.822373,38.04,30.5,44,5,0.39000000000000057,0,0,0
2026-03-13 05:34:08.416805,38.43,30.5,44,5,-0.39000000000000057,0,0,0
2026-03-13 05:34:26.016826,38.43,30.7,44,5,0.0,0,0,0
2026-03-13 05:34:42.655631,38.43,30.7,44,5,0.0,0,0,0
2026-03-13 05:35:00.257778,38.43,30.7,44,5,0.0,0,0,0
2026-03-13 05:35:17.884828,38.43,30.7,44,5,0.0,0,0,0
2026-03-13 05:35:35.776461,38.04,30.7,44,5,0.39000000000000057,0,0,0
2026-03-13 05:35:53.377213,38.43,30.7,44,5,-0.39000000000000057,0,0,0
2026-03-13 05:36:10.972089,38.04,30.0,44,5,0.39000000000000057,0,0,0
2026-03-13 05:36:28.024262,38.43,30.5,44,5,-0.39000000000000057,0,0,0
2026-03-13 05:36:45.605563,38.43,30.0,44,5,0.0,0,0,0
2026-03-13 05:37:02.177190,38.43,30.1,44,5,0.0,0,0,0
2026-03-13 05:37:18.815064,38.04,30.1,44,5,0.39000000000000057,0,0,0
2026-03-13 05:37:36.413847,38.04,30.1,44,5,0.0,0,0,0
2026-03-13 05:37:54.017362,38.43,30.2,44,5,-0.39000000000000057,0,0,0
2026-03-13 05:38:10.976748,38.43,30.9,44,5,0.0,0,0,0
2026-03-13 05:38:27.614904,38.43,30.0,44,5,0.0,0,0,0
2026-03-13 05:38:44.331518,38.43,30.0,44,5,0.0,0,0,0
2026-03-13 05:39:01.859397,38.04,30.0,44,5,0.39000000000000057,0,0,0
2026-03-13 05:39:19.751306,38.04,30.0,44,5,0.0,0,0,0
2026-03-13 05:39:37.379484,38.43,30.0,44,5,-0.39000000000000057,0,0,0
2026-03-13 05:39:54.979025,38.43,30.0,44,5,0.0,0,0,0
2026-03-13 05:40:11.618599,38.43,30.0,44,5,0.0,0,0,0
2026-03-13 05:40:29.856744,38.43,30.0,44,5,0.0,0,0,0
2026-03-13 05:40:47.457515,38.43,30.0,44,5,0.0,0,0,0
2026-03-13 05:41:05.057152,38.43,30.2,44,5,0.0,0,0,0
2026-03-13 05:41:21.686548,38.43,30.2,44,5,0.0,0,0,0
2026-03-13 05:41:39.295082,38.43,30.6,44,5,0.0,0,0,0
2026-03-13 05:41:56.255097,38.43,30.4,44,5,0.0,0,0,0
2026-03-13 05:42:12.598578,38.43,30.4,44,5,0.0,0,0,0
2026-03-13 05:42:30.176194,38.43,30.2,44,5,0.0,0,0,0
2026-03-13 05:42:46.817733,38.43,30.2,44,5,0.0,0,0,0
2026-03-13 05:43:03.139891,38.43,30.2,44,5,0.0,0,0,0
2026-03-13 05:43:20.748736,38.43,30.2,44,5,0.0,0,0,0
2026-03-13 05:43:38.336740,38.43,30.2,44,5,0.0,0,0,0
2026-03-13 05:43:55.936740,38.43,30.2,44,5,0.0,0,0,0
2026-03-13 05:44:13.532737,38.43,30.2,44,5,0.0,0,0,0
2026-03-13 05:44:35.936089,38.43,30.9,44,5,0.0,0,0,0
2026-03-13 05:44:52.571758,38.43,30.9,44,5,0.0,0,0,0
2026-03-13 05:45:10.171135,38.43,30.5,44,5,0.0,0,0,0
2026-03-13 05:45:26.812736,38.43,30.7,44,5,0.0,0,0,0
2026-03-13 05:45:43.448751,38.43,30.7,44,5,0.0,0,0,0
2026-03-13 05:46:01.366855,38.43,30.0,44,5,0.0,0,0,0
2026-03-13 05:46:18.332731,38.43,30.9,44,5,0.0,0,0,0
2026-03-13 05:46:35.035478,38.43,30.0,44,5,0.0,0,0,0
2026-03-13 05:46:51.468742,38.82,30.5,44,5,-0.39000000000000057,0,0,0
2026-03-13 05:47:07.928743,38.82,30.9,44,5,0.0,0,0,0
2026-03-13 05:47:24.575713,38.43,30.9,44,5,0.39000000000000057,0,0,0
2026-03-13 05:47:42.168734,38.82,30.9,44,5,-0.39000000000000057,0,0,0
2026-03-13 05:47:58.548727,38.82,30.3,44,5,0.0,0,0,0
2026-03-13 05:48:15.128746,38.82,30.3,44,5,0.0,0,0,0
2026-03-13 05:48:32.727921,38.43,30.5,44,5,0.39000000000000057,0,0,0
2026-03-13 05:48:49.368740,38.82,30.5,44,5,-0.39000000000000057,0,0,0
2026-03-13 05:49:06.967328,38.82,30.6,44,5,0.0,0,0,0
2026-03-13 05:49:23.604743,38.82,30.2,44,5,0.0,0,0,0
2026-03-13 05:49:40.250606,38.82,30.8,44,5,0.0,0,0,0
2026-03-13 05:49:56.569059,38.82,30.0,44,5,0.0,0,0,0
2026-03-13 05:50:13.212724,38.82,30.0,44,5,0.0,0,0,0
2026-03-13 05:50:30.487673,38.82,30.5,44,5,0.0,0,0,0
2026-03-13 05:50:47.108751,38.82,30.5,44,5,0.0,0,0,0
2026-03-13 05:51:04.084738,38.82,30.7,44,5,0.0,0,0,0
2026-03-13 05:51:20.720732,38.82,30.7,44,5,0.0,0,0,0
2026-03-13 05:51:37.366881,38.82,30.3,44,5,0.0,0,0,0
2026-03-13 05:51:53.758869,38.82,30.2,44,5,0.0,0,0,0
2026-03-13 05:52:10.692775,38.82,30.4,44,5,0.0,0,0,0
2026-03-13 05:52:27.284734,38.82,30.2,44,5,0.0,0,0,0
2026-03-13 05:52:43.604762,38.82,30.8,44,5,0.0,0,0,0
2026-03-13 05:53:00.533058,38.82,30.0,44,5,0.0,0,0,0
2026-03-13 05:53:16.885972,38.82,30.6,44,5,0.0,0,0,0
2026-03-13 05:53:33.524716,38.82,30.0,44,5,0.0,0,0,0
2026-03-13 05:53:49.844720,38.82,30.8,44,5,0.0,0,0,0
2026-03-13 05:54:06.496962,38.82,30.2,44,5,0.0,0,0,0
2026-03-13 05:54:23.124717,38.82,30.4,44,5,0.0,0,0,0
2026-03-13 05:54:39.765108,38.82,30.7,44,5,0.0,0,0,0
2026-03-13 05:54:56.016444,38.82,30.3,44,5,0.0,0,0,0
2026-03-13 05:55:12.404716,38.82,30.3,44,5,0.0,0,0,0
2026-03-13 05:55:28.725959,38.82,30.0,44,5,0.0,0,0,0
2026-03-13 05:55:45.366495,38.82,30.0,44,5,0.0,0,0,0
2026-03-13 05:56:02.964721,38.82,30.0,44,5,0.0,0,0,0
2026-03-13 05:56:20.636715,39.22,30.6,44,5,-0.3999999999999986,0,0,0
2026-03-13 05:56:37.198384,39.22,30.8,44,5,0.0,0,0,0
2026-03-13 05:56:53.524737,39.22,30.0,44,5,0.0,0,0,0
2026-03-13 05:57:10.486636,39.22,30.1,44,5,0.0,0,0,0
2026-03-13 05:57:27.444722,39.22,30.6,44,5,0.0,0,0,0
2026-03-13 05:57:43.764752,39.22,30.6,44,5,0.0,0,0,0
2026-03-13 05:58:00.085464,39.22,30.9,44,5,0.0,0,0,0
2026-03-13 05:58:16.404711,39.22,30.7,44,5,0.0,0,0,0
2026-03-13 05:58:33.046589,39.22,30.0,44,5,0.0,0,0,0
2026-03-13 05:58:49.338542,39.22,30.6,44,5,0.0,0,0,0
2026-03-13 05:59:06.006158,39.22,30.5,44,5,0.0,0,0,0
2026-03-13 05:59:22.644715,39.22,30.5,44,5,0.0,0,0,0
2026-03-13 05:59:40.245931,39.22,30.2,44,5,0.0,0,0,0
2026-03-13 05:59:56.886195,39.22,30.2,44,5,0.0,0,0,0
2026-03-13 06:00:13.844716,39.22,30.3,44,6,0.0,0,0,0
2026-03-13 06:00:30.557397,39.22,30.0,44,6,0.0,0,0,0
2026-03-13 06:00:47.127560,39.22,30.6,44,6,0.0,0,0,0
2026-03-13 06:01:03.857899,39.22,30.2,44,6,0.0,0,0,0
2026-03-13 06:01:20.732720,39.22,30.7,44,6,0.0,0,0,0
2026-03-13 06:01:37.364750,39.22,30.6,44,6,0.0,0,0,0
2026-03-13 06:01:54.004718,39.22,30.3,44,6,0.0,0,0,0
2026-03-13 06:02:10.605422,39.22,30.0,44,6,0.0,0,0,0
2026-03-13 06:02:26.964719,39.22,30.2,44,6,0.0,0,0,0
2026-03-13 06:02:43.287670,39.22,30.3,44,6,0.0,0,0,0
2026-03-13 06:02:59.997455,39.22,30.3,44,6,0.0,0,0,0
2026-03-13 06:03:18.480749,39.22,30.1,44,6,0.0,0,0,0
2026-03-13 06:03:35.444727,39.22,30.1,44,6,0.0,0,0,0
2026-03-13 06:03:53.116747,39.22,30.4,44,6,0.0,0,0,0
2026-03-13 06:04:09.704726,39.22,30.4,44,6,0.0,0,0,0
2026-03-13 06:04:26.964723,39.22,30.9,44,6,0.0,0,0,0
2026-03-13 06:04:43.924735,39.22,30.7,44,6,0.0,0,0,0
2026-03-13 06:05:00.244757,39.22,30.5,44,6,0.0,0,0,0
2026-03-13 06:05:16.886596,39.61,30.1,44,6,-0.39000000000000057,0,0,0
2026-03-13 06:05:33.196754,39.22,30.8,44,6,0.39000000000000057,0,0,0
2026-03-13 06:05:49.808739,39.61,30.3,44,6,-0.39000000000000057,0,0,0
2026-03-13 06:06:06.166865,39.61,30.6,44,6,0.0,0,0,0
2026-03-13 06:06:22.805754,39.61,30.8,44,6,0.0,0,0,0
2026-03-13 06:06:39.124733,39.61,30.8,44,6,0.0,0,0,0
2026-03-13 06:06:56.588742,39.61,30.4,44,6,0.0,0,0,0
2026-03-13 06:07:13.044737,39.61,30.2,44,6,0.0,0,0,0
2026-03-13 06:07:30.005772,39.61,30.2,44,6,0.0,0,0,0
2026-03-13 06:07:47.286813,39.61,30.8,44,6,0.0,0,0,0
2026-03-13 06:08:03.928728,39.61,30.1,44,6,0.0,0,0,0
2026-03-13 06:08:20.564735,39.61,30.7,44,6,0.0,0,0,0
2026-03-13 06:08:37.172018,39.61,30.4,44,6,0.0,0,0,0
2026-03-13 06:08:53.524731,39.61,30.8,44,6,0.0,0,0,0
2026-03-13 06:09:10.165910,39.61,30.2,44,6,0.0,0,0,0
2026-03-13 06:09:26.805986,39.61,30.6,44,6,0.0,0,0,0
2026-03-13 06:09:46.328766,39.61,30.4,44,6,0.0,0,0,0
2026-03-13 06:10:02.968633,39.61,30.7,44,6,0.0,0,0,0
2026-03-13 06:10:19.596746,39.61,30.1,44,6,0.0,0,0,0
2026-03-13 06:10:36.245765,39.61,30.3,44,6,0.0,0,0,0
2026-03-13 06:10:53.277279,39.61,30.9,44,6,0.0,0,0,0
2026-03-13 06:11:09.845917,39.61,30.7,44,6,0.0,0,0,0
2026-03-13 06:11:26.170014,39.61,30.5,44,6,0.0,0,0,0
2026-03-13 06:11:42.927337,39.61,30.3,44,6,0.0,0,0,0
2026-03-13 06:12:00.160553,39.61,30.7,44,6,0.0,0,0,0
2026-03-13 06:12:17.367368,39.61,30.7,44,6,0.0,0,0,0
2026-03-13 06:12:34.964407,39.61,30.6,44,6,0.0,0,0,0
2026-03-13 06:12:51.927575,39.61,30.6,44,6,0.0,0,0,0
2026-03-13 06:13:09.542946,39.61,30.9,44,6,0.0,0,0,0
2026-03-13 06:13:25.847914,39.61,30.9,44,6,0.0,0,0,0
2026-03-13 06:13:43.767404,39.61,30.4,44,6,0.0,0,0,0
2026-03-13 06:14:00.079437,39.22,30.4,44,6,0.39000000000000057,0,0,0
2026-03-13 06:14:17.688765,39.22,30.5,44,6,0.0,0,0,0
2026-03-13 06:14:34.340117,39.22,30.5,44,6,0.0,0,0,0
2026-03-13 06:14:51.924514,39.22,30.5,44,6,0.0,0,0,0
2026-03-13 06:15:09.524605,39.22,30.4,44,6,0.0,0,0,0
2026-03-13 06:15:25.856785,39.22,30.4,44,6,0.0,0,0,0
2026-03-13 06:15:43.463917,39.22,30.4,44,6,0.0,0,0,0
2026-03-13 06:16:01.041645,39.22,30.4,44,6,0.0,0,0,0
2026-03-13 06:16:18.627920,39.22,30.4,44,6,0.0,0,0,0
2026-03-13 06:16:36.564095,39.22,30.4,44,6,0.0,0,0,0
2026-03-13 06:16:54.159332,39.22,30.4,44,6,0.0,0,0,0
2026-03-13 06:17:12.075431,39.22,30.4,44,6,0.0,0,0,0
2026-03-13 06:17:29.676758,39.22,30.4,44,6,0.0,0,0,0
2026-03-13 06:17:47.274412,39.22,30.4,44,6,0.0,0,0,0
2026-03-13 06:18:04.871487,39.22,30.1,44,6,0.0,0,0,0
2026-03-13 06:18:21.511727,39.22,30.1,44,6,0.0,0,0,0
2026-03-13 06:18:39.113008,39.22,30.7,44,6,0.0,0,0,0
2026-03-13 06:18:55.749455,39.22,30.7,44,6,0.0,0,0,0
2026-03-13 06:19:13.351340,39.22,30.7,44,6,0.0,0,0,0
2026-03-13 06:19:30.922936,39.61,30.6,44,6,-0.39000000000000057,0,0,0
2026-03-13 06:19:47.589592,39.61,30.6,44,6,0.0,0,0,0
2026-03-13 06:20:05.189036,39.61,30.6,44,6,0.0,0,0,0
2026-03-13 06:20:22.778996,39.61,30.0,44,6,0.0,0,0,0
2026-03-13 06:20:39.435669,39.61,30.0,44,6,0.0,0,0,0
2026-03-13 06:20:57.025336,39.61,30.5,44,6,0.0,0,0,0
2026-03-13 06:21:13.655548,39.61,30.8,44,6,0.0,0,0,0
2026-03-13 06:21:30.622621,39.61,30.8,44,6,0.0,0,0,0
2026-03-13 06:21:48.193163,39.61,30.3,44,6,0.0,0,0,0
2026-03-13 06:22:04.868752,39.61,30.3,44,6,0.0,0,0,0
2026-03-13 06:22:22.464581,39.61,30.3,44,6,0.0,0,0,0
2026-03-13 06:22:40.073070,39.61,30.9,44,6,0.0,0,0,0
2026-03-13 06:22:56.721972,39.61,30.9,44,6,0.0,0,0,0
2026-03-13 06:23:14.290407,39.61,30.8,44,6,0.0,0,0,0
2026-03-13 06:23:30.912749,39.61,30.1,44,6,0.0,0,0,0
2026-03-13 06:23:47.247255,39.61,30.4,44,6,0.0,0,0,0
2026-03-13 06:24:03.899076,39.61,30.4,44,6,0.0,0,0,0
2026-03-13 06:24:20.536266,39.61,30.7,44,6,0.0,0,0,0
2026-03-13 06:24:37.503183,39.61,30.7,44,6,0.0,0,0,0
2026-03-13 06:24:55.088750,39.61,30.3,44,6,0.0,0,0,0
2026-03-13 06:25:12.377434,39.61,30.3,44,6,0.0,0,0,0
2026-03-13 06:25:30.297690,39.61,30.3,44,6,0.0,0,0,0
2026-03-13 06:25:48.215093,39.61,30.3,44,6,0.0,0,0,0
2026-03-13 06:26:04.850404,39.61,30.3,44,6,0.0,0,0,0
2026-03-13 06:26:21.184761,39.61,30.5,44,6,0.0,0,0,0
2026-03-13 06:26:38.453257,39.61,30.5,44,6,0.0,0,0,0
2026-03-13 06:26:56.052776,39.61,30.5,44,6,0.0,0,0,0
2026-03-13 06:27:13.633116,39.61,30.9,44,6,0.0,0,0,0
2026-03-13 06:27:29.972858,39.61,30.8,44,6,0.0,0,0,0
2026-03-13 06:27:46.937314,39.61,30.0,44,6,0.0,0,0,0
2026-03-13 06:28:03.578444,39.61,30.6,44,6,0.0,0,0,0
2026-03-13 06:28:20.532893,39.61,30.6,44,6,0.0,0,0,0
2026-03-13 06:28:37.168764,39.61,30.6,44,6,0.0,0,0,0
2026-03-13 06:28:54.765518,39.61,30.3,44,6,0.0,0,0,0
2026-03-13 06:29:11.471319,40.0,30.0,44,6,-0.39000000000000057,0,0,0
2026-03-13 06:29:28.140735,40.0,30.4,44,6,0.0,0,0,0
2026-03-13 06:29:45.322896,40.0,30.4,44,6,0.0,0,0,0
2026-03-13 06:30:01.968758,40.0,30.4,44,6,0.0,0,0,0
2026-03-13 06:30:19.569801,40.0,30.0,44,6,0.0,0,0,0
2026-03-13 06:30:36.208757,40.0,30.6,44,6,0.0,0,0,0
2026-03-13 06:30:52.840737,40.0,30.0,44,6,0.0,0,0,0
2026-03-13 06:31:09.489622,40.0,30.3,44,6,0.0,0,0,0
2026-03-13 06:31:26.128574,40.0,30.5,44,6,0.0,0,0,0
2026-03-13 06:31:42.764751,40.0,30.1,44,6,0.0,0,0,0
2026-03-13 06:31:59.393910,40.0,30.1,44,6,0.0,0,0,0
2026-03-13 06:32:17.004745,40.0,30.6,44,6,0.0,0,0,0
2026-03-13 06:32:33.644059,40.0,30.0,44,6,0.0,0,0,0
2026-03-13 06:32:50.288743,40.0,30.0,44,6,0.0,0,0,0
2026-03-13 06:33:08.520758,40.0,30.0,44,6,0.0,0,0,0
2026-03-13 06:33:26.155852,40.0,30.0,44,6,0.0,0,0,0
2026-03-13 06:33:42.737961,40.0,30.0,44,6,0.0,0,0,0
2026-03-13 06:34:00.361498,40.0,30.0,44,6,0.0,0,0,0
2026-03-13 06:34:18.925817,40.0,30.0,44,6,0.0,0,0,0
2026-03-13 06:34:35.565016,40.0,30.7,44,6,0.0,0,0,0
2026-03-13 06:34:52.204748,40.0,30.0,44,6,0.0,0,0,0
2026-03-13 06:35:08.842151,40.0,30.7,44,6,0.0,0,0,0
2026-03-13 06:35:25.555064,40.0,30.3,44,6,0.0,0,0,0
2026-03-13 06:35:42.441180,40.0,30.3,44,6,0.0,0,0,0
2026-03-13 06:36:00.050676,40.0,30.5,44,6,0.0,0,0,0
2026-03-13 06:36:16.743358,40.0,30.5,44,6,0.0,0,0,0
2026-03-13 06:36:34.276581,40.0,30.5,44,6,0.0,0,0,0
2026-03-13 06:36:51.889097,40.0,30.4,44,6,0.0,0,0,0
2026-03-13 06:37:08.526302,40.0,30.4,44,6,0.0,0,0,0
2026-03-13 06:37:26.122656,40.0,30.4,44,6,0.0,0,0,0
2026-03-13 06:37:43.723936,40.0,30.9,44,6,0.0,0,0,0
2026-03-13 06:38:00.530714,40.0,30.9,44,6,0.0,0,0,0
2026-03-13 06:38:18.025695,40.0,30.0,44,6,0.0,0,0,0
2026-03-13 06:38:34.603726,40.0,30.0,44,6,0.0,0,0,0
2026-03-13 06:38:52.189188,40.0,30.0,44,6,0.0,0,0,0
2026-03-13 06:39:10.114372,40.0,30.0,44,6,0.0,0,0,0
2026-03-13 06:39:28.039836,40.0,30.0,44,6,0.0,0,0,0
2026-03-13 06:39:45.640415,40.0,30.3,44,6,0.0,0,0,0
2026-03-13 06:40:02.668867,40.0,30.3,44,6,0.0,0,0,0
2026-03-13 06:40:21.795906,40.0,30.3,44,6,0.0,0,0,0
2026-03-13 06:40:39.397984,40.0,30.3,44,6,0.0,0,0,0
2026-03-13 06:40:57.390287,40.0,30.3,44,6,0.0,0,0,0
2026-03-13 06:41:15.562141,40.0,30.3,44,6,0.0,0,0,0
2026-03-13 06:41:33.159699,40.0,30.3,44,6,0.0,0,0,0
2026-03-13 06:41:50.757345,40.0,30.3,44,6,0.0,0,0,0
2026-03-13 06:42:08.328545,40.0,30.3,44,6,0.0,0,0,0
2026-03-13 06:42:25.959513,40.0,30.6,44,6,0.0,0,0,0
2026-03-13 06:42:42.597523,40.0,30.1,44,6,0.0,0,0,0
2026-03-13 06:42:59.238686,40.0,30.1,44,6,0.0,0,0,0
2026-03-13 06:43:17.207644,40.0,30.1,44,6,0.0,0,0,0
2026-03-13 06:43:35.179724,40.0,30.7,44,6,0.0,0,0,0
2026-03-13 06:43:52.359073,40.0,30.7,44,6,0.0,0,0,0
2026-03-13 06:44:09.957757,40.0,30.7,44,6,0.0,0,0,0
2026-03-13 06:44:27.557993,40.0,30.7,44,6,0.0,0,0,0
2026-03-13 06:44:45.148780,40.0,30.7,44,6,0.0,0,0,0
2026-03-13 06:45:03.464209,40.0,30.3,44,6,0.0,0,0,0
2026-03-13 06:45:20.024786,40.39,30.7,44,6,-0.39000000000000057,0,0,0
2026-03-13 06:45:36.676857,40.0,30.7,44,6,0.39000000000000057,0,0,0
2026-03-13 06:45:54.274587,40.39,30.7,44,6,-0.39000000000000057,0,0,0
2026-03-13 06:46:11.930491,40.39,30.3,44,6,0.0,0,0,0
2026-03-13 06:46:28.516188,40.39,30.3,44,6,0.0,0,0,0
2026-03-13 06:46:46.116874,40.39,30.7,44,6,0.0,0,0,0
2026-03-13 06:47:02.768974,40.39,30.6,44,6,0.0,0,0,0
2026-03-13 06:47:20.036435,40.39,30.6,44,6,0.0,0,0,0
2026-03-13 06:47:36.997228,40.39,30.6,44,6,0.0,0,0,0
2026-03-13 06:47:54.595360,40.39,30.6,44,6,0.0,0,0,0
2026-03-13 06:48:12.585625,40.39,30.3,44,6,0.0,0,0,0
2026-03-13 06:48:29.157656,40.39,30.0,44,6,0.0,0,0,0
2026-03-13 06:48:46.179365,40.39,30.0,44,6,0.0,0,0,0
2026-03-13 06:49:03.786239,40.39,30.0,44,6,0.0,0,0,0
2026-03-13 06:49:21.307145,40.39,30.2,44,6,0.0,0,0,0
2026-03-13 06:49:38.532878,40.39,30.2,44,6,0.0,0,0,0
2026-03-13 06:49:56.574369,40.39,30.2,44,6,0.0,0,0,0
2026-03-13 06:50:14.042086,40.39,30.7,44,6,0.0,0,0,0
2026-03-13 06:50:30.414616,40.39,30.7,44,6,0.0,0,0,0
2026-03-13 06:50:48.010399,40.39,30.7,44,6,0.0,0,0,0
2026-03-13 06:51:05.595185,40.39,30.4,44,6,0.0,0,0,0
2026-03-13 06:51:22.240096,40.39,30.7,44,6,0.0,0,0,0
2026-03-13 06:51:38.873790,40.39,30.1,44,6,0.0,0,0,0
2026-03-13 06:51:55.513324,40.39,30.1,44,6,0.0,0,0,0
2026-03-13 06:52:13.108739,40.39,30.1,44,6,0.0,0,0,0
2026-03-13 06:52:30.696569,40.39,30.1,44,6,0.0,0,0,0
2026-03-13 06:52:48.309154,40.39,30.9,44,6,0.0,0,0,0
2026-03-13 06:53:04.947393,40.39,30.1,44,6,0.0,0,0,0
2026-03-13 06:53:21.745923,40.39,30.0,44,6,0.0,0,0,0
2026-03-13 06:53:38.219141,40.39,30.6,44,6,0.0,0,0,0
2026-03-13 06:53:54.855180,40.39,30.2,44,6,0.0,0,0,0
2026-03-13 06:54:11.493199,40.78,30.9,44,6,-0.39000000000000057,0,0,0
2026-03-13 06:54:28.131289,40.39,30.9,44,6,0.39000000000000057,0,0,0
2026-03-13 06:54:45.727629,40.78,30.4,44,6,-0.39000000000000057,0,0,0
2026-03-13 06:55:02.368066,40.39,30.4,44,6,0.39000000000000057,0,0,0
2026-03-13 06:55:19.964133,40.78,30.8,44,6,-0.39000000000000057,0,0,0
2026-03-13 06:55:36.920961,40.78,30.8,44,6,0.0,0,0,0
2026-03-13 06:55:54.591885,40.78,30.7,44,6,0.0,0,0,0
2026-03-13 06:56:11.464742,40.78,30.3,44,6,0.0,0,0,0
2026-03-13 06:56:28.113589,40.78,30.3,44,6,0.0,0,0,0
2026-03-13 06:56:44.465136,40.78,30.1,44,6,0.0,0,0,0
2026-03-13 06:57:01.071661,40.78,30.0,44,6,0.0,0,0,0
2026-03-13 06:57:18.036767,40.78,30.0,44,6,0.0,0,0,0
2026-03-13 06:57:34.664737,40.78,30.7,44,6,0.0,0,0,0
2026-03-13 06:57:51.312586,40.78,30.1,44,6,0.0,0,0,0
2026-03-13 06:58:07.944426,40.78,30.1,44,6,0.0,0,0,0
2026-03-13 06:58:25.515330,40.78,30.2,44,6,0.0,0,0,0
2026-03-13 06:58:41.897285,40.78,30.8,44,6,0.0,0,0,0
2026-03-13 06:58:58.511122,40.78,30.1,44,6,0.0,0,0,0
2026-03-13 06:59:14.828749,40.78,30.8,44,6,0.0,0,0,0
2026-03-13 06:59:31.147715,40.78,30.1,44,6,0.0,0,0,0
2026-03-13 06:59:48.102275,40.78,30.1,44,6,0.0,0,0,0
2026-03-13 07:00:04.744726,40.78,30.1,44,7,0.0,0,0,0
2026-03-13 07:00:21.380733,40.78,30.7,44,7,0.0,0,0,0
2026-03-13 07:00:38.017900,40.78,30.4,44,7,0.0,0,0,0
2026-03-13 07:00:54.332051,40.78,30.1,44,7,0.0,0,0,0
2026-03-13 07:01:10.979330,40.78,30.4,44,7,0.0,0,0,0
2026-03-13 07:01:27.616571,40.78,30.4,44,7,0.0,0,0,0
2026-03-13 07:01:45.210997,40.78,30.2,44,7,0.0,0,0,0
2026-03-13 07:02:01.532716,40.78,30.2,44,7,0.0,0,0,0
2026-03-13 07:02:19.136730,40.78,30.2,44,7,0.0,0,0,0
2026-03-13 07:02:36.720979,40.78,30.9,44,7,0.0,0,0,0
2026-03-13 07:02:53.380728,40.78,30.0,44,7,0.0,0,0,0
2026-03-13 07:03:10.009875,40.78,30.2,44,7,0.0,0,0,0
2026-03-13 07:03:26.337427,40.78,30.5,44,7,0.0,0,0,0
2026-03-13 07:03:42.736742,40.78,30.5,44,7,0.0,0,0,0
2026-03-13 07:03:59.384796,40.78,30.5,44,7,0.0,0,0,0
2026-03-13 07:04:15.938701,40.78,30.5,44,7,0.0,0,0,0
2026-03-13 07:04:33.857020,40.78,30.5,44,7,0.0,0,0,0
2026-03-13 07:04:51.523213,40.78,30.1,44,7,0.0,0,0,0
2026-03-13 07:05:08.476756,40.78,30.3,44,7,0.0,0,0,0
2026-03-13 07:05:25.424738,40.78,30.5,44,7,0.0,0,0,0
2026-03-13 07:05:42.652739,40.78,30.5,44,7,0.0,0,0,0
2026-03-13 07:05:59.290954,40.78,30.4,44,7,0.0,0,0,0
2026-03-13 07:06:15.912747,40.78,30.4,44,7,0.0,0,0,0
2026-03-13 07:06:32.252745,40.78,30.7,44,7,0.0,0,0,0
2026-03-13 07:06:48.930248,40.78,30.7,44,7,0.0,0,0,0
2026-03-13 07:07:06.486689,40.78,30.7,44,7,0.0,0,0,0
2026-03-13 07:07:24.086011,40.78,30.5,44,7,0.0,0,0,0
2026-03-13 07:07:40.392742,40.78,30.1,44,7,0.0,0,0,0
2026-03-13 07:07:57.042830,41.18,30.9,44,7,-0.3999999999999986,0,0,0
2026-03-13 07:08:13.683476,40.78,30.9,44,7,0.3999999999999986,0,0,0
2026-03-13 07:08:30.316747,40.78,30.1,44,7,0.0,0,0,0
2026-03-13 07:08:46.959175,40.78,30.8,44,7,0.0,0,0,0
2026-03-13 07:09:03.668730,40.78,30.3,44,7,0.0,0,0,0
2026-03-13 07:09:20.236754,40.78,30.3,44,7,0.0,0,0,0
2026-03-13 07:09:37.844732,40.78,30.3,44,7,0.0,0,0,0
2026-03-13 07:09:54.552731,41.18,30.1,44,7,-0.3999999999999986,0,0,0
2026-03-13 07:10:11.115467,40.78,30.5,44,7,0.3999999999999986,0,0,0
2026-03-13 07:10:28.392746,40.78,30.9,44,7,0.0,0,0,0
2026-03-13 07:10:45.032723,40.78,30.4,44,7,0.0,0,0,0
2026-03-13 07:11:01.728732,40.78,30.5,44,7,0.0,0,0,0
2026-03-13 07:11:19.018492,41.18,30.0,44,7,-0.3999999999999986,0,0,0
2026-03-13 07:11:35.908749,41.18,30.8,44,7,0.0,0,0,0
2026-03-13 07:11:52.544745,41.18,30.5,44,7,0.0,0,0,0
2026-03-13 07:12:08.864731,41.18,30.9,44,7,0.0,0,0,0
2026-03-13 07:12:25.508731,41.18,30.9,44,7,0.0,0,0,0
2026-03-13 07:12:43.104727,41.18,30.0,44,7,0.0,0,0,0
2026-03-13 07:12:59.720982,41.18,30.7,44,7,0.0,0,0,0
2026-03-13 07:13:16.048734,41.18,30.0,44,7,0.0,0,0,0
2026-03-13 07:13:32.703548,41.18,30.3,44,7,0.0,0,0,0
2026-03-13 07:13:49.336723,41.18,30.6,44,7,0.0,0,0,0
2026-03-13 07:14:05.980729,41.18,30.7,44,7,0.0,0,0,0
2026-03-13 07:14:22.272748,41.18,30.2,44,7,0.0,0,0,0
2026-03-13 07:14:38.943846,41.18,30.2,44,7,0.0,0,0,0
2026-03-13 07:14:56.538922,41.18,30.8,44,7,0.0,0,0,0
2026-03-13 07:15:13.184742,41.18,30.7,44,7,0.0,0,0,0
2026-03-13 07:15:29.832752,41.18,30.4,44,7,0.0,0,0,0
2026-03-13 07:15:46.564750,41.18,30.4,44,7,0.0,0,0,0
2026-03-13 07:16:04.052711,41.18,30.7,44,7,0.0,0,0,0
2026-03-13 07:16:20.704496,41.18,30.2,44,7,0.0,0,0,0
2026-03-13 07:16:37.334867,41.18,30.2,44,7,0.0,0,0,0
2026-03-13 07:16:54.933290,41.18,30.8,44,7,0.0,0,0,0
2026-03-13 07:17:11.893895,41.18,30.1,44,7,0.0,0,0,0
2026-03-13 07:17:28.528731,41.18,30.1,44,7,0.0,0,0,0
2026-03-13 07:17:45.168740,41.18,30.7,44,7,0.0,0,0,0
2026-03-13 07:18:01.870662,41.18,30.7,44,7,0.0,0,0,0
2026-03-13 07:18:19.720980,41.18,30.6,44,7,0.0,0,0,0
2026-03-13 07:18:36.364749,41.18,30.6,44,7,0.0,0,0,0
2026-03-13 07:18:53.964731,41.18,30.9,44,7,0.0,0,0,0
2026-03-13 07:19:10.616724,41.18,30.5,44,7,0.0,0,0,0
2026-03-13 07:19:27.240725,41.18,30.5,44,7,0.0,0,0,0
2026-03-13 07:19:44.808951,41.18,30.5,44,7,0.0,0,0,0
2026-03-13 07:20:02.444732,41.18,30.5,44,7,0.0,0,0,0
2026-03-13 07:20:20.146020,41.18,30.5,44,7,0.0,0,0,0
2026-03-13 07:20:37.000762,41.18,30.4,44,7,0.0,0,0,0
2026-03-13 07:20:53.636729,41.18,30.4,44,7,0.0,0,0,0
2026-03-13 07:21:11.240731,41.18,30.6,44,7,0.0,0,0,0
2026-03-13 07:21:27.876730,41.57,30.9,44,7,-0.39000000000000057,0,0,0
2026-03-13 07:21:45.476749,41.18,30.6,44,7,0.39000000000000057,0,0,0
2026-03-13 07:22:02.117835,41.18,30.6,44,7,0.0,0,0,0
2026-03-13 07:22:20.432736,41.18,30.5,44,7,0.0,0,0,0
2026-03-13 07:22:37.008732,41.18,30.0,44,7,0.0,0,0,0
2026-03-13 07:22:53.952732,41.18,30.2,44,7,0.0,0,0,0
2026-03-13 07:23:10.592726,41.18,30.2,44,7,0.0,0,0,0
2026-03-13 07:23:28.195822,41.18,30.8,44,7,0.0,0,0,0
2026-03-13 07:23:44.832724,41.18,30.9,44,7,0.0,0,0,0
2026-03-13 07:24:01.472722,41.18,30.9,44,7,0.0,0,0,0
2026-03-13 07:24:19.080723,41.18,30.6,44,7,0.0,0,0,0
2026-03-13 07:24:35.712753,41.57,30.8,44,7,-0.39000000000000057,0,0,0
2026-03-13 07:24:52.356757,41.57,30.6,45,7,0.0,0,0,0
2026-03-13 07:25:09.628724,41.57,30.7,45,7,0.0,0,0,0
2026-03-13 07:25:26.268744,41.57,30.0,45,7,0.0,0,0,0
2026-03-13 07:25:42.908731,41.57,30.5,45,7,0.0,0,0,0
2026-03-13 07:25:59.552720,41.18,30.5,45,7,0.39000000000000057,0,0,0
2026-03-13 07:26:17.144721,41.18,30.9,45,7,0.0,0,0,0
2026-03-13 07:26:33.472770,41.18,30.0,45,7,0.0,0,0,0
2026-03-13 07:26:50.426548,41.18,30.5,45,7,0.0,0,0,0
2026-03-13 07:27:07.064735,41.18,30.8,45,7,0.0,0,0,0
2026-03-13 07:27:23.700720,41.18,30.0,45,7,0.0,0,0,0
2026-03-13 07:27:40.345431,41.18,30.4,45,7,0.0,0,0,0
2026-03-13 07:27:56.995315,41.18,30.8,45,7,0.0,0,0,0
2026-03-13 07:28:13.608729,41.18,30.4,45,7,0.0,0,0,0
2026-03-13 07:28:29.940698,41.18,30.0,45,7,0.0,0,0,0
2026-03-13 07:28:46.628325,41.18,30.0,45,7,0.0,0,0,0
2026-03-13 07:29:04.180855,41.18,30.0,45,7,0.0,0,0,0
2026-03-13 07:29:22.099077,41.18,30.5,45,7,0.0,0,0,0
2026-03-13 07:29:38.780073,41.18,30.0,45,7,0.0,0,0,0
2026-03-13 07:29:56.669397,41.18,30.0,45,7,0.0,0,0,0
2026-03-13 07:30:13.661147,41.18,30.8,45,7,0.0,0,0,0
2026-03-13 07:30:30.254972,41.18,30.7,45,7,0.0,0,0,0
2026-03-13 07:30:46.863754,41.18,30.1,45,7,0.0,0,0,0
2026-03-13 07:31:03.205462,41.18,30.0,45,7,0.0,0,0,0
2026-03-13 07:31:19.828263,41.18,30.9,45,7,0.0,0,0,0
2026-03-13 07:31:36.466469,41.57,30.9,45,7,-0.39000000000000057,0,0,0
2026-03-13 07:31:52.788720,41.18,30.7,45,7,0.39000000000000057,0,0,0
2026-03-13 07:32:09.105843,41.18,30.9,45,7,0.0,0,0,0
2026-03-13 07:32:25.411071,41.18,30.8,45,7,0.0,0,0,0
2026-03-13 07:32:41.724756,42.35,30.9,45,7,-1.1700000000000017,0,0,0
2026-03-13 07:32:58.132725,42.35,30.9,45,7,0.0,0,0,0
2026-03-13 07:33:15.661611,1.96,30.9,45,7,40.39,3,3,0
2026-03-13 07:33:35.180784,42.35,30.8,45,7,-40.39,0,0,0
2026-03-13 07:33:52.218932,38.43,30.1,45,7,3.9200000000000017,0,0,0
2026-03-13 07:34:08.825067,36.47,30.1,45,7,1.9600000000000009,0,0,0
2026-03-13 07:34:26.380649,34.9,30.1,45,7,1.5700000000000003,0,0,0
2026-03-13 07:34:43.976717,34.12,30.1,45,7,0.7800000000000011,0,0,0
2026-03-13 07:35:00.621346,33.73,30.9,45,7,0.39000000000000057,0,0,0
2026-03-13 07:35:17.576751,33.73,30.5,45,7,0.0,0,0,0
2026-03-13 07:35:34.217640,33.73,30.9,45,7,0.0,0,0,0
2026-03-13 07:35:50.865489,33.33,30.1,45,7,0.3999999999999986,0,0,0
2026-03-13 07:36:07.496280,33.33,30.8,45,7,0.0,0,0,0
2026-03-13 07:36:24.137537,32.94,30.8,45,7,0.39000000000000057,0,0,0
2026-03-13 07:36:42.052795,32.55,30.7,45,7,0.39000000000000057,0,0,0
2026-03-13 07:36:58.412722,32.55,30.3,45,7,0.0,0,0,0
2026-03-13 07:37:15.013581,32.55,30.1,45,7,0.0,0,0,0
2026-03-13 07:37:31.652717,32.55,30.3,45,7,0.0,0,0,0
2026-03-13 07:37:48.290946,32.55,30.3,45,7,0.0,0,0,0
2026-03-13 07:38:05.889299,32.55,30.6,45,7,0.0,0,0,0
2026-03-13 07:38:22.529083,32.55,30.6,45,7,0.0,0,0,0
2026-03-13 07:38:40.105285,32.55,30.6,45,7,0.0,0,0,0
2026-03-13 07:38:56.448739,32.55,30.6,45,7,0.0,0,0,0
2026-03-13 07:39:14.047514,32.55,30.6,45,7,0.0,0,0,0
2026-03-13 07:39:31.618211,32.55,30.6,45,7,0.0,0,0,0
2026-03-13 07:39:49.244718,32.16,30.9,45,7,0.39000000000000057,0,0,0
2026-03-13 07:40:05.568237,32.16,30.1,45,7,0.0,0,0,0
2026-03-13 07:40:22.206120,32.16,30.9,45,7,0.0,0,0,0
2026-03-13 07:40:39.165680,32.16,30.1,45,7,0.0,0,0,0
2026-03-13 07:40:55.804714,32.16,30.1,45,7,0.0,0,0,0
2026-03-13 07:41:12.828777,32.16,30.4,45,7,0.0,0,0,0
2026-03-13 07:41:29.720561,32.16,30.0,45,7,0.0,0,0,0
2026-03-13 07:41:46.362664,32.16,30.6,45,7,0.0,0,0,0
2026-03-13 07:42:02.977684,32.16,30.3,45,7,0.0,0,0,0
2026-03-13 07:42:19.319470,32.16,30.2,45,7,0.0,0,0,0
2026-03-13 07:42:35.958285,32.55,30.1,45,7,-0.39000000000000057,0,0,0
2026-03-13 07:42:52.571587,32.16,30.1,45,7,0.39000000000000057,0,0,0
2026-03-13 07:43:08.885928,32.16,30.1,45,7,0.0,0,0,0
2026-03-13 07:43:26.501381,32.16,30.9,45,7,0.0,0,0,0
2026-03-13 07:43:42.828902,32.16,30.9,45,7,0.0,0,0,0
2026-03-13 07:44:00.425873,32.16,30.5,45,7,0.0,0,0,0
2026-03-13 07:44:17.145598,32.16,30.7,45,7,0.0,0,0,0
2026-03-13 07:44:33.712758,32.16,30.7,45,7,0.0,0,0,0
2026-03-13 07:44:51.303047,32.16,30.7,45,7,0.0,0,0,0
2026-03-13 07:45:08.891240,32.16,30.1,45,7,0.0,0,0,0
2026-03-13 07:45:25.260781,32.16,29.5,46,7,0.0,0,0,0
2026-03-13 07:45:41.560735,32.16,29.5,46,7,0.0,0,0,0
2026-03-13 07:45:58.877420,32.16,29.5,46,7,0.0,0,0,0
2026-03-13 07:46:16.203398,32.16,29.5,46,7,0.0,0,0,0
2026-03-13 07:46:33.672764,32.16,29.5,46,7,0.0,0,0,0
2026-03-13 07:46:51.335002,32.16,30.6,45,7,0.0,0,0,0
2026-03-13 07:47:07.683268,31.76,30.6,45,7,0.399999999999995,0,0,0
2026-03-13 07:47:25.160232,32.16,30.2,45,7,-0.399999999999995,0,0,0
2026-03-13 07:47:41.543275,31.76,30.2,45,7,0.399999999999995,0,0,0
2026-03-13 07:47:59.142973,32.16,30.3,45,7,-0.399999999999995,0,0,0
2026-03-13 07:48:15.772760,32.16,30.3,45,7,0.0,0,0,0
2026-03-13 07:48:34.096376,31.76,30.3,45,7,0.399999999999995,0,0,0
2026-03-13 07:48:50.634313,31.76,30.3,45,7,0.0,0,0,0
2026-03-13 07:49:06.972600,31.76,30.2,45,7,0.0,0,0,0
2026-03-13 07:49:23.644096,31.76,30.2,45,7,0.0,0,0,0
2026-03-13 07:49:41.261485,31.76,30.2,45,7,0.0,0,0,0
2026-03-13 07:49:58.860787,31.76,30.2,45,7,0.0,0,0,0
2026-03-13 07:50:16.493576,31.76,30.2,45,7,0.0,0,0,0
2026-03-13 07:50:34.076824,31.76,30.9,45,7,0.0,0,0,0
2026-03-13 07:50:50.433269,31.76,30.9,45,7,0.0,0,0,0
2026-03-13 07:51:08.023039,31.76,30.9,45,7,0.0,0,0,0
2026-03-13 07:51:25.331997,31.76,30.2,45,7,0.0,0,0,0
2026-03-13 07:51:41.985509,31.76,30.2,45,7,0.0,0,0,0
2026-03-13 07:52:00.316581,31.76,30.2,45,7,0.0,0,0,0
2026-03-13 07:52:17.845968,31.76,30.7,45,7,0.0,0,0,0
2026-03-13 07:52:34.800220,31.76,30.7,45,7,0.0,0,0,0
2026-03-13 07:52:52.723892,31.76,30.7,45,7,0.0,0,0,0
2026-03-13 07:53:10.661453,31.76,30.7,45,7,0.0,0,0,0
2026-03-13 07:53:28.316740,31.76,30.4,45,7,0.0,0,0,0
2026-03-13 07:53:44.971581,31.76,30.0,45,7,0.0,0,0,0
2026-03-13 07:54:01.534992,31.76,30.4,45,7,0.0,0,0,0
2026-03-13 07:54:18.190828,31.76,30.4,45,7,0.0,0,0,0
2026-03-13 07:54:35.793868,31.76,30.4,45,7,0.0,0,0,0
2026-03-13 07:54:53.411119,31.76,30.4,45,7,0.0,0,0,0
2026-03-13 07:55:10.991916,31.76,30.4,45,7,0.0,0,0,0
2026-03-13 07:55:28.616867,31.76,30.4,45,7,0.0,0,0,0
2026-03-13 07:55:46.206222,31.76,30.4,45,7,0.0,0,0,0
2026-03-13 07:56:03.807512,31.76,30.4,45,7,0.0,0,0,0
2026-03-13 07:56:21.395529,31.76,30.4,45,7,0.0,0,0,0
2026-03-13 07:56:39.335472,31.76,30.4,45,7,0.0,0,0,0
2026-03-13 07:56:56.937633,31.76,30.5,45,7,0.0,0,0,0
2026-03-13 07:57:13.640433,31.76,30.1,45,7,0.0,0,0,0
2026-03-13 07:57:30.214574,31.76,30.9,45,7,0.0,0,0,0
2026-03-13 07:57:46.863673,31.76,30.9,45,7,0.0,0,0,0
2026-03-13 07:58:04.848659,31.76,30.1,45,7,0.0,0,0,0
2026-03-13 07:58:21.450821,31.76,30.9,45,7,0.0,0,0,0
2026-03-13 07:58:37.805178,31.76,30.2,45,7,0.0,0,0,0
2026-03-13 07:58:54.502954,31.76,30.0,45,7,0.0,0,0,0
2026-03-13 07:59:11.084383,31.76,30.0,45,7,0.0,0,0,0
2026-03-13 07:59:28.709661,31.76,30.9,45,7,0.0,0,0,0
2026-03-13 07:59:45.090760,31.76,30.4,45,7,0.0,0,0,0
2026-03-13 08:00:01.656131,31.76,30.4,45,8,0.0,0,0,0
2026-03-13 08:00:19.283625,31.76,30.4,45,8,0.0,0,0,0
2026-03-13 08:00:37.171793,31.37,30.4,45,8,0.39000000000000057,0,0,0
2026-03-13 08:00:54.824060,31.37,30.4,45,8,0.0,0,0,0
2026-03-13 08:01:12.188847,31.76,30.0,45,8,-0.39000000000000057,0,0,0
2026-03-13 08:01:29.152181,31.37,30.0,45,8,0.39000000000000057,0,0,0
2026-03-13 08:01:46.693299,31.37,30.7,45,8,0.0,0,0,0
2026-03-13 08:02:03.326939,31.37,30.7,45,8,0.0,0,0,0
2026-03-13 08:02:20.933538,31.37,30.7,45,8,0.0,0,0,0
2026-03-13 08:02:38.540286,31.37,30.7,45,8,0.0,0,0,0
2026-03-13 08:02:56.146744,31.37,30.7,45,8,0.0,0,0,0
2026-03-13 08:03:13.748723,31.37,30.4,45,8,0.0,0,0,0
2026-03-13 08:03:30.392722,31.37,30.7,45,8,0.0,0,0,0
2026-03-13 08:03:47.036729,31.37,30.7,45,8,0.0,0,0,0
2026-03-13 08:04:03.662950,31.37,30.7,45,8,0.0,0,0,0
2026-03-13 08:04:20.296105,31.76,30.7,45,8,-0.39000000000000057,0,0,0
2026-03-13 08:04:37.340713,31.76,30.8,45,8,0.0,0,0,0
2026-03-13 08:04:53.936716,31.37,30.3,45,8,0.39000000000000057,0,0,0
2026-03-13 08:05:10.576739,31.37,30.3,45,8,0.0,0,0,0
2026-03-13 08:05:28.184289,31.76,30.5,45,8,-0.39000000000000057,0,0,0
2026-03-13 08:05:44.828436,32.16,30.4,45,8,-0.399999999999995,0,0,0
2026-03-13 08:06:01.476718,32.16,29.1,46,8,0.0,0,0,0
2026-03-13 08:06:18.112720,32.16,29.7,47,8,0.0,0,0,0
2026-03-13 08:06:34.747443,31.76,29.2,48,8,0.399999999999995,0,0,0
2026-03-13 08:06:51.205106,31.76,29.9,48,8,0.0,0,0,0
2026-03-13 08:07:07.676937,31.76,29.9,48,8,0.0,0,0,0
2026-03-13 08:07:25.265576,31.76,29.2,49,8,0.0,0,0,0
2026-03-13 08:07:41.868275,31.37,29.6,50,8,0.39000000000000057,0,0,0
2026-03-13 08:07:58.527824,31.37,29.5,50,8,0.0,0,0,0
2026-03-13 08:08:15.158669,31.37,29.8,50,8,0.0,0,0,0
2026-03-13 08:08:32.117613,31.37,29.3,50,8,0.0,0,0,0
2026-03-13 08:08:48.732734,31.37,29.1,49,8,0.0,0,0,0
2026-03-13 08:09:05.382236,31.37,29.8,49,8,0.0,0,0,0
2026-03-13 08:09:22.018724,31.37,29.4,49,8,0.0,0,0,0
2026-03-13 08:09:38.975019,31.37,29.6,48,8,0.0,0,0,0
2026-03-13 08:09:55.615529,31.37,29.6,48,8,0.0,0,0,0
2026-03-13 08:10:12.252095,31.37,29.1,48,8,0.0,0,0,0
2026-03-13 08:10:28.889230,31.37,29.3,48,8,0.0,0,0,0
2026-03-13 08:10:45.526993,31.37,29.3,48,8,0.0,0,0,0
2026-03-13 08:11:03.124431,31.37,29.3,48,8,0.0,0,0,0
2026-03-13 08:11:20.791848,31.37,29.9,47,8,0.0,0,0,0
2026-03-13 08:11:37.364735,31.37,29.3,47,8,0.0,0,0,0
2026-03-13 08:11:53.980719,31.37,29.9,47,8,0.0,0,0,0
2026-03-13 08:12:10.641322,31.37,29.2,47,8,0.0,0,0,0
2026-03-13 08:12:27.284794,31.37,29.2,47,8,0.0,0,0,0
2026-03-13 08:12:45.261390,31.37,29.1,47,8,0.0,0,0,0
2026-03-13 08:13:01.826710,31.37,29.0,47,8,0.0,0,0,0
2026-03-13 08:13:18.164314,31.37,29.0,47,8,0.0,0,0,0
2026-03-13 08:13:34.505418,31.37,29.0,47,8,0.0,0,0,0
2026-03-13 08:13:52.090410,31.37,29.2,46,8,0.0,0,0,0
2026-03-13 08:14:08.712752,31.37,29.2,46,8,0.0,0,0,0
2026-03-13 08:14:25.367020,31.37,29.2,46,8,0.0,0,0,0
2026-03-13 08:14:42.720768,31.37,29.2,46,8,0.0,0,0,0
2026-03-13 08:15:00.120756,31.37,29.2,46,8,0.0,0,0,0
2026-03-13 08:15:17.520754,31.37,29.5,46,8,0.0,0,0,0
2026-03-13 08:15:34.140786,31.37,29.7,46,8,0.0,0,0,0
2026-03-13 08:15:50.788807,31.37,29.7,46,8,0.0,0,0,0
2026-03-13 08:16:08.440740,31.37,29.7,46,8,0.0,0,0,0
2026-03-13 08:16:26.004740,31.37,29.7,46,8,0.0,0,0,0
2026-03-13 08:16:43.563352,31.37,29.7,46,8,0.0,0,0,0
2026-03-13 08:17:01.168264,31.37,29.9,46,8,0.0,0,0,0
2026-03-13 08:17:17.488757,31.37,29.9,46,8,0.0,0,0,0
2026-03-13 08:17:35.084741,31.37,29.9,46,8,0.0,0,0,0
2026-03-13 08:17:52.704812,31.37,30.4,46,8,0.0,0,0,0
2026-03-13 08:18:09.320760,31.37,30.2,46,8,0.0,0,0,0
2026-03-13 08:18:25.960760,31.37,30.2,46,8,0.0,0,0,0
2026-03-13 08:18:43.556748,31.37,30.2,46,8,0.0,0,0,0
2026-03-13 08:19:00.200761,31.37,30.5,46,8,0.0,0,0,0
2026-03-13 08:19:16.826722,31.37,30.5,46,8,0.0,0,0,0
2026-03-13 08:19:35.072752,31.37,30.7,46,8,0.0,0,0,0
2026-03-13 08:19:51.740750,31.37,30.7,46,8,0.0,0,0,0
2026-03-13 08:20:09.312811,31.37,30.6,46,8,0.0,0,0,0
2026-03-13 08:20:26.267393,31.37,30.6,46,8,0.0,0,0,0
2026-03-13 08:20:43.874101,31.37,30.9,46,8,0.0,0,0,0
2026-03-13 08:21:00.512800,31.37,30.9,46,8,0.0,0,0,0
2026-03-13 08:21:18.112743,31.37,30.9,46,8,0.0,0,0,0
2026-03-13 08:21:35.712745,31.37,30.9,46,8,0.0,0,0,0
2026-03-13 08:21:53.020861,31.37,30.6,46,8,0.0,0,0,0
2026-03-13 08:22:09.632840,31.37,30.7,46,8,0.0,0,0,0
2026-03-13 08:22:26.272828,31.37,30.7,46,8,0.0,0,0,0
2026-03-13 08:22:43.952756,31.37,30.7,46,8,0.0,0,0,0
2026-03-13 08:23:01.456804,31.37,30.1,46,8,0.0,0,0,0
2026-03-13 08:23:18.432714,31.37,30.0,46,8,0.0,0,0,0
2026-03-13 08:23:34.752727,31.37,30.4,46,8,0.0,0,0,0
2026-03-13 08:23:51.448719,31.37,30.2,46,8,0.0,0,0,0
2026-03-13 08:24:08.046317,30.98,30.7,46,8,0.39000000000000057,0,0,0
2026-03-13 08:24:24.688719,30.98,30.7,46,8,0.0,0,0,0
2026-03-13 08:24:42.303489,30.98,30.7,46,8,0.0,0,0,0
2026-03-13 08:25:00.227522,30.98,30.9,46,8,0.0,0,0,0
2026-03-13 08:25:19.784715,30.98,30.3,46,8,0.0,0,0,0
2026-03-13 08:25:36.480718,30.98,30.8,46,8,0.0,0,0,0
2026-03-13 08:25:53.020714,30.98,30.9,46,8,0.0,0,0,0
2026-03-13 08:26:09.688722,30.98,30.6,46,8,0.0,0,0,0
2026-03-13 08:26:26.332717,30.98,30.6,46,8,0.0,0,0,0
2026-03-13 08:26:43.060724,30.98,30.1,46,8,0.0,0,0,0
2026-03-13 08:26:59.596715,31.37,30.7,46,8,-0.39000000000000057,0,0,0
2026-03-13 08:27:16.368711,31.37,30.1,46,8,0.0,0,0,0
2026-03-13 08:27:32.907052,30.98,30.5,46,8,0.39000000000000057,0,0,0
2026-03-13 08:27:49.868715,30.98,30.1,46,8,0.0,0,0,0
2026-03-13 08:28:06.508718,30.98,30.7,46,8,0.0,0,0,0
2026-03-13 08:28:23.791837,30.98,30.4,46,8,0.0,0,0,0
2026-03-13 08:28:40.190952,30.98,30.3,46,8,0.0,0,0,0
2026-03-13 08:28:56.762176,30.98,30.5,46,8,0.0,0,0,0
2026-03-13 08:29:13.396744,30.98,30.8,46,8,0.0,0,0,0
2026-03-13 08:29:30.043683,30.98,30.4,46,8,0.0,0,0,0
2026-03-13 08:29:46.919302,30.98,30.3,46,8,0.0,0,0,0
2026-03-13 08:30:03.323288,30.98,30.3,46,8,0.0,0,0,0
2026-03-13 08:30:20.924742,30.98,30.3,46,8,0.0,0,0,0
2026-03-13 08:30:38.528519,30.98,30.2,46,8,0.0,0,0,0
2026-03-13 08:30:55.179330,30.98,30.0,46,8,0.0,0,0,0
2026-03-13 08:31:11.811445,30.98,30.7,46,8,0.0,0,0,0
2026-03-13 08:31:28.196761,30.98,30.7,46,8,0.0,0,0,0
2026-03-13 08:31:45.733732,30.98,30.8,46,8,0.0,0,0,0
2026-03-13 08:32:02.051584,30.98,30.1,46,8,0.0,0,0,0
2026-03-13 08:32:18.417263,30.98,30.0,46,8,0.0,0,0,0
2026-03-13 08:32:35.016315,30.98,30.3,46,8,0.0,0,0,0
2026-03-13 08:32:51.654650,30.98,30.2,46,8,0.0,0,0,0
2026-03-13 08:33:08.298989,30.98,30.9,46,8,0.0,0,0,0
2026-03-13 08:33:24.928749,30.98,30.0,46,8,0.0,0,0,0
2026-03-13 08:33:41.888771,30.98,30.3,46,8,0.0,0,0,0
2026-03-13 08:33:58.378081,30.98,30.0,46,8,0.0,0,0,0
2026-03-13 08:34:14.861309,30.98,30.7,46,8,0.0,0,0,0
2026-03-13 08:34:31.804755,30.98,30.9,46,8,0.0,0,0,0
2026-03-13 08:34:48.127806,31.76,30.5,46,8,-0.7800000000000011,0,0,0
2026-03-13 08:35:05.413145,31.76,30.2,46,8,0.0,0,0,0
2026-03-13 08:35:22.051117,32.16,30.2,46,8,-0.399999999999995,0,0,0
2026-03-13 08:35:38.751505,32.16,30.6,46,8,0.0,0,0,0
2026-03-13 08:35:55.971851,32.16,30.9,46,8,0.0,0,0,0
2026-03-13 08:36:13.259014,32.16,30.6,46,8,0.0,0,0,0
2026-03-13 08:36:29.889122,32.16,30.2,46,8,0.0,0,0,0
2026-03-13 08:36:46.546067,32.16,30.6,46,8,0.0,0,0,0
2026-03-13 08:37:03.171087,32.16,30.3,46,8,0.0,0,0,0
2026-03-13 08:37:19.800252,32.16,30.8,46,8,0.0,0,0,0
2026-03-13 08:37:36.771214,32.16,30.7,46,8,0.0,0,0,0
2026-03-13 08:37:53.404747,32.16,30.7,46,8,0.0,0,0,0
2026-03-13 08:38:11.009494,32.16,30.4,46,8,0.0,0,0,0
2026-03-13 08:38:27.362480,32.16,30.8,46,8,0.0,0,0,0
2026-03-13 08:38:43.958421,32.16,30.8,46,8,0.0,0,0,0
2026-03-13 08:39:00.616734,32.16,30.8,46,8,0.0,0,0,0
2026-03-13 08:39:17.264776,32.16,30.2,46,8,0.0,0,0,0
2026-03-13 08:39:34.039192,32.16,30.2,46,8,0.0,0,0,0
2026-03-13 08:39:51.520744,32.16,30.2,46,8,0.0,0,0,0
2026-03-13 08:40:09.120733,32.16,30.0,46,8,0.0,0,0,0
2026-03-13 08:40:25.760724,32.16,30.2,46,8,0.0,0,0,0
2026-03-13 08:40:42.400754,32.16,30.8,46,8,0.0,0,0,0
2026-03-13 08:40:59.080720,31.76,30.8,46,8,0.399999999999995,0,0,0
2026-03-13 08:41:16.628740,31.76,30.8,46,8,0.0,0,0,0
2026-03-13 08:41:32.966507,32.16,30.8,46,8,-0.399999999999995,0,0,0
2026-03-13 08:41:50.569632,32.16,30.6,46,8,0.0,0,0,0
2026-03-13 08:42:07.524173,32.16,30.5,46,8,0.0,0,0,0
2026-03-13 08:42:24.168449,32.16,30.3,46,8,0.0,0,0,0
2026-03-13 08:42:40.807913,32.16,30.9,46,8,0.0,0,0,0
2026-03-13 08:42:57.450829,32.16,30.2,46,8,0.0,0,0,0
2026-03-13 08:43:14.089098,32.16,30.3,46,8,0.0,0,0,0
2026-03-13 08:43:30.726345,32.16,30.3,46,8,0.0,0,0,0
2026-03-13 08:43:48.331197,32.16,30.4,46,8,0.0,0,0,0
2026-03-13 08:44:04.938189,32.16,30.9,46,8,0.0,0,0,0
2026-03-13 08:44:21.302495,32.16,30.9,46,8,0.0,0,0,0
2026-03-13 08:44:38.864057,32.16,30.9,46,8,0.0,0,0,0
2026-03-13 08:44:56.467024,32.16,30.9,46,8,0.0,0,0,0
2026-03-13 08:45:14.066750,32.16,30.9,46,8,0.0,0,0,0
2026-03-13 08:45:31.664744,31.76,30.9,46,8,0.399999999999995,0,0,0
2026-03-13 08:45:49.268032,31.76,30.2,46,8,0.0,0,0,0
2026-03-13 08:46:05.904755,31.76,30.9,46,8,0.0,0,0,0
2026-03-13 08:46:22.548010,31.76,30.9,46,8,0.0,0,0,0
2026-03-13 08:46:40.143172,31.76,30.9,46,8,0.0,0,0,0
2026-03-13 08:46:57.812744,31.76,30.9,46,8,0.0,0,0,0
2026-03-13 08:47:15.991350,31.76,30.7,46,8,0.0,0,0,0
2026-03-13 08:47:33.002692,31.76,30.6,46,8,0.0,0,0,0
2026-03-13 08:47:49.591987,31.76,30.6,46,8,0.0,0,0,0
2026-03-13 08:48:07.167013,31.76,30.6,46,8,0.0,0,0,0
2026-03-13 08:48:24.865159,31.76,30.5,46,8,0.0,0,0,0
2026-03-13 08:48:41.471124,31.76,30.5,46,8,0.0,0,0,0
2026-03-13 08:48:58.999920,32.16,30.5,46,8,-0.399999999999995,0,0,0
2026-03-13 08:49:16.413002,32.16,30.5,46,8,0.0,0,0,0
2026-03-13 08:49:33.902028,31.76,30.3,46,8,0.399999999999995,0,0,0
2026-03-13 08:49:49.313408,32.16,30.9,46,8,-0.399999999999995,0,0,0
2026-03-13 08:50:05.908771,31.76,30.9,46,8,0.399999999999995,0,0,0
2026-03-13 08:50:23.510959,32.16,30.4,46,8,-0.399999999999995,0,0,0
2026-03-13 08:50:40.149080,32.16,30.6,46,8,0.0,0,0,0
2026-03-13 08:50:56.732755,32.16,30.6,46,8,0.0,0,0,0
2026-03-13 08:51:14.375042,32.16,30.6,46,8,0.0,0,0,0
2026-03-13 08:51:31.970976,32.16,30.6,46,8,0.0,0,0,0
2026-03-13 08:51:49.577323,32.16,30.6,46,8,0.0,0,0,0
2026-03-13 08:52:07.168893,32.16,30.6,46,8,0.0,0,0,0
2026-03-13 08:52:24.788160,31.76,30.2,46,8,0.399999999999995,0,0,0
2026-03-13 08:52:41.415334,31.76,30.2,46,8,0.0,0,0,0
2026-03-13 08:52:59.016006,31.76,30.2,46,8,0.0,0,0,0
2026-03-13 08:53:16.928824,31.76,30.5,46,8,0.0,0,0,0
2026-03-13 08:53:33.564829,31.76,30.9,46,8,0.0,0,0,0
2026-03-13 08:53:49.915897,31.76,30.2,46,8,0.0,0,0,0
2026-03-13 08:54:06.499406,31.76,30.9,46,8,0.0,0,0,0
2026-03-13 08:54:23.139853,31.76,30.9,46,8,0.0,0,0,0
2026-03-13 08:54:40.752568,31.76,30.6,46,8,0.0,0,0,0
2026-03-13 08:54:57.368396,31.76,30.0,46,8,0.0,0,0,0
2026-03-13 08:55:14.016958,31.76,30.8,46,8,0.0,0,0,0
2026-03-13 08:55:31.610809,31.76,30.7,46,8,0.0,0,0,0
2026-03-13 08:55:48.244772,31.76,30.1,46,8,0.0,0,0,0
2026-03-13 08:56:04.872716,31.76,30.4,46,8,0.0,0,0,0
2026-03-13 08:56:21.842784,31.76,30.4,46,8,0.0,0,0,0
2026-03-13 08:56:39.456417,31.76,30.0,46,8,0.0,0,0,0
2026-03-13 08:56:56.101764,31.76,30.0,46,8,0.0,0,0,0
2026-03-13 08:57:13.688028,31.76,30.0,46,8,0.0,0,0,0
2026-03-13 08:57:31.291578,31.76,30.0,46,8,0.0,0,0,0
2026-03-13 08:57:48.876752,31.76,30.2,46,8,0.0,0,0,0
2026-03-13 08:58:05.857320,31.76,30.8,46,8,0.0,0,0,0
2026-03-13 08:58:22.500768,32.16,30.4,46,8,-0.399999999999995,0,0,0
2026-03-13 08:58:39.491682,32.16,30.5,46,8,0.0,0,0,0
2026-03-13 08:58:56.423988,32.16,30.6,46,8,0.0,0,0,0
2026-03-13 08:59:13.076723,32.16,30.5,46,8,0.0,0,0,0
2026-03-13 08:59:29.720245,32.16,30.5,46,8,0.0,0,0,0
2026-03-13 08:59:46.330153,32.16,30.7,46,8,0.0,0,0,0
2026-03-13 09:00:03.368660,32.16,30.4,46,9,0.0,0,0,0
2026-03-13 09:00:19.932715,32.16,30.6,46,9,0.0,0,0,0
2026-03-13 09:00:36.572787,32.16,30.6,46,9,0.0,0,0,0
2026-03-13 09:00:54.174784,32.16,30.6,46,9,0.0,0,0,0
2026-03-13 09:01:12.107148,32.16,30.6,46,9,0.0,0,0,0
2026-03-13 09:01:29.712941,32.16,30.1,46,9,0.0,0,0,0
2026-03-13 09:01:46.039355,32.16,30.3,46,9,0.0,0,0,0
2026-03-13 09:02:02.651910,32.16,30.3,46,9,0.0,0,0,0
2026-03-13 09:02:20.248718,32.16,30.4,46,9,0.0,0,0,0
2026-03-13 09:02:36.897985,32.16,30.4,46,9,0.0,0,0,0
2026-03-13 09:02:54.571360,32.16,30.4,46,9,0.0,0,0,0
2026-03-13 09:03:11.117041,32.16,30.2,46,9,0.0,0,0,0
2026-03-13 09:03:28.160961,32.16,30.3,46,9,0.0,0,0,0
2026-03-13 09:03:44.730274,32.16,30.3,46,9,0.0,0,0,0
2026-03-13 09:04:02.345766,32.16,30.3,46,9,0.0,0,0,0
2026-03-13 09:04:19.908993,32.16,30.2,46,9,0.0,0,0,0
2026-03-13 09:04:36.256293,32.16,30.9,46,9,0.0,0,0,0
2026-03-13 09:04:52.684927,32.16,30.0,46,9,0.0,0,0,0
2026-03-13 09:05:09.210855,32.16,30.8,46,9,0.0,0,0,0
2026-03-13 09:05:25.852919,32.16,30.5,46,9,0.0,0,0,0
2026-03-13 09:05:42.877388,32.16,30.5,46,9,0.0,0,0,0
2026-03-13 09:06:00.399299,32.16,30.5,46,9,0.0,0,0,0
2026-03-13 09:06:18.082161,32.16,30.9,46,9,0.0,0,0,0
2026-03-13 09:06:34.621947,32.16,30.9,46,9,0.0,0,0,0
2026-03-13 09:06:51.224751,31.76,30.9,46,9,0.399999999999995,0,0,0
2026-03-13 09:07:08.583613,31.76,30.9,46,9,0.0,0,0,0
2026-03-13 09:07:26.191879,31.76,30.9,46,9,0.0,0,0,0
2026-03-13 09:07:43.764144,31.76,30.9,46,9,0.0,0,0,0
2026-03-13 09:08:01.057560,31.76,30.3,46,9,0.0,0,0,0
2026-03-13 09:08:17.976186,31.76,30.8,46,9,0.0,0,0,0
2026-03-13 09:08:34.613900,31.76,30.7,46,9,0.0,0,0,0
2026-03-13 09:08:51.256411,31.76,30.4,46,9,0.0,0,0,0
2026-03-13 09:09:07.911626,32.16,30.4,46,9,-0.399999999999995,0,0,0
2026-03-13 09:09:25.500620,32.16,30.1,46,9,0.0,0,0,0
2026-03-13 09:09:42.137526,32.16,30.8,46,9,0.0,0,0,0
2026-03-13 09:09:58.765906,32.16,30.8,46,9,0.0,0,0,0
2026-03-13 09:10:16.075459,32.16,30.8,46,9,0.0,0,0,0
2026-03-13 09:10:33.645037,32.16,30.7,46,9,0.0,0,0,0
2026-03-13 09:10:50.028816,32.16,30.7,46,9,0.0,0,0,0
2026-03-13 09:11:07.555045,32.16,30.6,46,9,0.0,0,0,0
2026-03-13 09:11:24.201804,32.16,30.6,46,9,0.0,0,0,0
2026-03-13 09:11:41.817563,32.16,30.5,46,9,0.0,0,0,0
2026-03-13 09:11:58.446076,32.16,30.5,46,9,0.0,0,0,0
2026-03-13 09:12:16.048515,32.16,30.2,46,9,0.0,0,0,0
2026-03-13 09:12:32.687358,32.16,30.2,46,9,0.0,0,0,0
2026-03-13 09:12:50.278289,32.16,30.2,46,9,0.0,0,0,0
2026-03-13 09:13:07.911068,32.16,30.2,46,9,0.0,0,0,0
2026-03-13 09:13:24.536443,32.16,30.8,46,9,0.0,0,0,0
2026-03-13 09:13:41.202309,32.16,30.8,46,9,0.0,0,0,0
2026-03-13 09:13:58.786476,32.16,30.8,46,9,0.0,0,0,0
2026-03-13 09:14:16.376889,32.16,30.1,46,9,0.0,0,0,0
2026-03-13 09:14:33.016710,32.16,30.7,46,9,0.0,0,0,0
2026-03-13 09:14:49.334981,32.16,30.9,46,9,0.0,0,0,0
2026-03-13 09:15:05.973008,32.16,30.0,46,9,0.0,0,0,0
2026-03-13 09:15:22.973858,32.16,30.0,46,9,0.0,0,0,0
2026-03-13 09:15:40.525317,32.16,30.0,46,9,0.0,0,0,0
2026-03-13 09:15:58.110592,32.16,30.0,46,9,0.0,0,0,0
2026-03-13 09:16:15.741392,32.16,30.0,46,9,0.0,0,0,0
2026-03-13 09:16:33.301602,32.16,30.0,46,9,0.0,0,0,0
2026-03-13 09:16:50.893883,32.16,30.0,46,9,0.0,0,0,0
2026-03-13 09:17:08.509643,32.16,30.0,46,9,0.0,0,0,0
2026-03-13 09:17:26.115511,32.16,30.0,46,9,0.0,0,0,0
2026-03-13 09:17:43.711581,32.16,30.6,46,9,0.0,0,0,0
2026-03-13 09:18:00.350666,32.16,30.6,46,9,0.0,0,0,0
2026-03-13 09:18:16.992248,32.16,30.8,46,9,0.0,0,0,0
2026-03-13 09:18:33.674882,32.16,30.8,46,9,0.0,0,0,0
2026-03-13 09:18:51.547966,32.16,30.2,46,9,0.0,0,0,0
2026-03-13 09:19:08.827415,32.16,30.9,46,9,0.0,0,0,0
2026-03-13 09:19:28.979970,32.16,30.4,46,9,0.0,0,0,0
2026-03-13 09:19:46.044047,32.16,30.9,46,9,0.0,0,0,0
2026-03-13 09:20:02.936289,32.16,30.9,46,9,0.0,0,0,0
2026-03-13 09:20:21.130839,32.16,30.1,46,9,0.0,0,0,0
2026-03-13 09:20:37.518133,32.16,30.1,46,9,0.0,0,0,0
2026-03-13 09:20:55.135179,32.16,30.1,46,9,0.0,0,0,0
2026-03-13 09:21:12.697847,32.16,30.1,46,9,0.0,0,0,0
2026-03-13 09:21:30.598969,32.16,30.1,46,9,0.0,0,0,0
2026-03-13 09:21:48.156547,32.16,30.7,46,9,0.0,0,0,0
2026-03-13 09:22:04.836036,32.16,30.7,46,9,0.0,0,0,0
2026-03-13 09:22:22.757115,32.16,30.9,46,9,0.0,0,0,0
2026-03-13 09:22:40.100725,32.16,30.9,46,9,0.0,0,0,0
2026-03-13 09:22:57.626181,32.16,30.9,46,9,0.0,0,0,0
2026-03-13 09:23:15.228473,32.16,30.9,46,9,0.0,0,0,0
2026-03-13 09:23:32.844429,32.16,30.3,45,9,0.0,0,0,0
2026-03-13 09:23:49.480401,32.16,30.6,45,9,0.0,0,0,0
2026-03-13 09:24:06.107979,32.16,30.6,45,9,0.0,0,0,0
2026-03-13 09:24:23.706381,32.16,30.6,45,9,0.0,0,0,0
2026-03-13 09:24:41.294236,32.16,30.6,45,9,0.0,0,0,0
2026-03-13 09:24:58.607436,32.16,30.4,45,9,0.0,0,0,0
2026-03-13 09:25:15.292428,32.16,30.3,45,9,0.0,0,0,0
2026-03-13 09:25:31.854890,32.16,30.3,45,9,0.0,0,0,0
2026-03-13 09:25:49.444746,32.16,30.2,45,9,0.0,0,0,0
2026-03-13 09:26:06.120470,32.16,30.2,45,9,0.0,0,0,0
2026-03-13 09:26:24.357874,32.16,30.6,45,9,0.0,0,0,0
2026-03-13 09:26:40.825956,32.16,30.6,45,9,0.0,0,0,0
2026-03-13 09:26:58.270426,32.16,30.6,45,9,0.0,0,0,0
2026-03-13 09:27:16.190438,32.16,30.8,45,9,0.0,0,0,0
2026-03-13 09:27:32.603118,32.16,30.6,45,9,0.0,0,0,0
2026-03-13 09:27:49.710417,32.16,30.6,45,9,0.0,0,0,0
2026-03-13 09:28:07.388738,32.16,30.6,45,9,0.0,0,0,0
2026-03-13 09:28:24.990173,31.76,30.6,45,9,0.399999999999995,0,0,0
2026-03-13 09:28:42.589017,32.16,30.2,45,9,-0.399999999999995,0,0,0
2026-03-13 09:28:59.219445,32.16,30.5,45,9,0.0,0,0,0
2026-03-13 09:29:15.884745,31.76,30.1,45,9,0.399999999999995,0,0,0
2026-03-13 09:29:32.494936,32.16,30.5,45,9,-0.399999999999995,0,0,0
2026-03-13 09:29:48.803029,32.16,30.6,45,9,0.0,0,0,0
2026-03-13 09:30:05.773355,32.16,30.6,45,9,0.0,0,0,0
2026-03-13 09:30:23.728279,32.16,30.4,45,9,0.0,0,0,0
2026-03-13 09:30:40.394577,32.16,30.4,45,9,0.0,0,0,0
2026-03-13 09:30:57.992753,32.16,30.1,45,9,0.0,0,0,0
2026-03-13 09:31:14.664747,32.16,30.8,45,9,0.0,0,0,0
2026-03-13 09:31:30.936777,32.16,30.1,45,9,0.0,0,0,0
2026-03-13 09:31:47.538282,32.16,30.1,45,9,0.0,0,0,0
2026-03-13 09:32:04.874245,32.16,30.3,45,9,0.0,0,0,0
2026-03-13 09:32:21.189187,32.16,30.0,45,9,0.0,0,0,0
2026-03-13 09:32:37.890353,32.16,30.0,45,9,0.0,0,0,0
2026-03-13 09:32:55.452734,32.16,30.0,45,9,0.0,0,0,0
2026-03-13 09:33:13.009972,32.16,30.0,45,9,0.0,0,0,0
2026-03-13 09:33:30.635686,32.16,30.0,45,9,0.0,0,0,0
2026-03-13 09:33:48.212141,32.16,30.0,45,9,0.0,0,0,0
2026-03-13 09:34:05.877663,32.16,30.0,45,9,0.0,0,0,0
2026-03-13 09:34:24.376421,32.16,30.9,45,9,0.0,0,0,0
2026-03-13 09:34:41.002058,32.16,30.9,45,9,0.0,0,0,0
2026-03-13 09:34:58.583154,32.16,30.9,45,9,0.0,0,0,0
2026-03-13 09:35:16.156825,32.16,30.9,45,9,0.0,0,0,0
2026-03-13 09:35:33.766686,32.16,30.9,45,9,0.0,0,0,0
2026-03-13 09:35:51.372768,32.16,30.9,45,9,0.0,0,0,0
2026-03-13 09:36:09.014049,31.76,30.7,45,9,0.399999999999995,0,0,0
2026-03-13 09:36:25.641822,31.76,30.7,45,9,0.0,0,0,0
2026-03-13 09:36:43.228732,31.76,30.7,45,9,0.0,0,0,0
2026-03-13 09:37:00.824753,31.76,30.8,45,9,0.0,0,0,0
2026-03-13 09:37:17.860369,31.76,30.8,45,9,0.0,0,0,0
2026-03-13 09:37:35.403346,32.16,30.1,45,9,-0.399999999999995,0,0,0
2026-03-13 09:37:52.026939,32.16,30.7,45,9,0.0,0,0,0
2026-03-13 09:38:09.294623,32.16,30.4,45,9,0.0,0,0,0
2026-03-13 09:38:26.348439,32.16,30.3,45,9,0.0,0,0,0
2026-03-13 09:38:42.915835,32.16,30.9,45,9,0.0,0,0,0
2026-03-13 09:38:59.611279,32.16,30.9,45,9,0.0,0,0,0
2026-03-13 09:39:17.145599,32.16,30.9,45,9,0.0,0,0,0
2026-03-13 09:39:35.140440,32.16,30.4,45,9,0.0,0,0,0
2026-03-13 09:39:51.772787,32.16,30.4,45,9,0.0,0,0,0
2026-03-13 09:40:09.306335,32.16,30.4,45,9,0.0,0,0,0
2026-03-13 09:40:27.227949,32.16,30.4,45,9,0.0,0,0,0
2026-03-13 09:40:44.753795,32.16,30.4,45,9,0.0,0,0,0
2026-03-13 09:41:02.113351,32.16,30.2,45,9,0.0,0,0,0
2026-03-13 09:41:18.749101,32.16,30.2,45,9,0.0,0,0,0
2026-03-13 09:41:41.468783,32.16,30.2,45,9,0.0,0,0,0
2026-03-13 09:41:59.072767,32.16,30.9,45,9,0.0,0,0,0
2026-03-13 09:42:15.721979,32.16,30.9,45,9,0.0,0,0,0
2026-03-13 09:42:33.393571,31.76,30.9,45,9,0.399999999999995,0,0,0
2026-03-13 09:42:50.958352,31.76,30.9,45,9,0.0,0,0,0
2026-03-13 09:43:08.508783,31.76,30.9,45,9,0.0,0,0,0
2026-03-13 09:43:26.439707,31.76,30.9,45,9,0.0,0,0,0
2026-03-13 09:43:43.080750,32.55,30.4,45,9,-0.7899999999999956,0,0,0
2026-03-13 09:43:59.736752,33.33,30.4,45,9,-0.7800000000000011,0,0,0
2026-03-13 09:44:17.356742,32.94,30.4,45,9,0.39000000000000057,0,0,0
2026-03-13 09:44:34.988743,32.94,30.4,45,9,0.0,0,0,0
2026-03-13 09:44:52.528736,32.94,30.4,45,9,0.0,0,0,0
2026-03-13 09:45:10.144757,32.94,30.9,45,9,0.0,0,0,0
2026-03-13 09:45:26.772747,32.94,30.9,45,9,0.0,0,0,0
2026-03-13 09:45:44.376735,32.94,30.9,45,9,0.0,0,0,0
2026-03-13 09:46:01.019930,32.94,30.9,45,9,0.0,0,0,0
2026-03-13 09:46:18.608747,32.94,30.9,45,9,0.0,0,0,0
2026-03-13 09:46:36.212737,32.94,30.8,45,9,0.0,0,0,0
2026-03-13 09:46:52.654193,32.94,30.5,45,9,0.0,0,0,0
2026-03-13 09:47:09.844739,32.94,30.1,45,9,0.0,0,0,0
2026-03-13 09:47:26.800740,32.55,30.5,45,9,0.39000000000000057,0,0,0
2026-03-13 09:47:43.420740,32.55,30.2,45,9,0.0,0,0,0
2026-03-13 09:47:59.856735,32.55,30.5,45,9,0.0,0,0,0
2026-03-13 09:48:16.407649,32.55,30.2,45,9,0.0,0,0,0
2026-03-13 09:48:33.076472,32.55,30.0,45,9,0.0,0,0,0
2026-03-13 09:48:49.671805,32.55,30.0,45,9,0.0,0,0,0
2026-03-13 09:49:07.268320,32.55,30.0,45,9,0.0,0,0,0
2026-03-13 09:49:24.884927,32.55,30.9,45,9,0.0,0,0,0
2026-03-13 09:49:41.532748,32.55,30.4,45,9,0.0,0,0,0
2026-03-13 09:49:58.159595,32.55,30.4,45,9,0.0,0,0,0
2026-03-13 09:50:15.896758,32.55,30.1,45,9,0.0,0,0,0
2026-03-13 09:50:32.420754,32.94,30.5,45,9,-0.39000000000000057,0,0,0
2026-03-13 09:50:48.828765,32.94,30.5,45,9,0.0,0,0,0
2026-03-13 09:51:06.332751,32.94,30.8,45,9,0.0,0,0,0
2026-03-13 09:51:22.887651,32.55,30.2,45,9,0.39000000000000057,0,0,0
2026-03-13 09:51:40.418087,32.55,30.5,45,9,0.0,0,0,0
2026-03-13 09:51:56.732740,32.94,30.5,45,9,-0.39000000000000057,0,0,0
2026-03-13 09:52:13.209220,32.94,30.5,45,9,0.0,0,0,0
2026-03-13 09:52:30.833671,32.55,30.5,45,9,0.39000000000000057,0,0,0
2026-03-13 09:52:48.528317,32.94,30.5,45,9,-0.39000000000000057,0,0,0
2026-03-13 09:53:06.029207,32.55,30.5,45,9,0.39000000000000057,0,0,0
2026-03-13 09:53:24.273613,32.55,30.5,45,9,0.0,0,0,0
2026-03-13 09:53:41.556338,32.55,30.2,45,9,0.0,0,0,0
2026-03-13 09:53:58.513130,32.55,30.6,45,9,0.0,0,0,0
2026-03-13 09:54:17.133094,32.94,30.7,44,9,-0.39000000000000057,0,0,0
2026-03-13 09:54:33.704966,32.55,30.3,44,9,0.39000000000000057,0,0,0
2026-03-13 09:54:50.338247,32.16,30.1,44,9,0.39000000000000057,0,0,0
2026-03-13 09:55:06.964010,32.55,30.1,44,9,-0.39000000000000057,0,0,0
2026-03-13 09:55:24.513049,32.55,30.5,44,9,0.0,0,0,0
2026-03-13 09:55:40.903279,32.55,30.5,44,9,0.0,0,0,0
2026-03-13 09:55:58.567854,32.94,30.5,44,9,-0.39000000000000057,0,0,0
2026-03-13 09:56:17.387567,32.55,30.6,44,9,0.39000000000000057,0,0,0
2026-03-13 09:56:33.743160,32.16,30.6,44,9,0.39000000000000057,0,0,0
2026-03-13 09:56:51.045959,32.55,30.7,44,9,-0.39000000000000057,0,0,0
2026-03-13 09:57:07.644755,32.94,30.7,44,9,-0.39000000000000057,0,0,0
2026-03-13 09:57:25.225804,32.55,30.7,44,9,0.39000000000000057,0,0,0
2026-03-13 09:57:43.480031,32.55,30.7,44,9,0.0,0,0,0
2026-03-13 09:58:01.080751,32.94,30.7,44,9,-0.39000000000000057,0,0,0
2026-03-13 09:58:18.662737,32.55,30.2,44,9,0.39000000000000057,0,0,0
2026-03-13 09:58:37.488536,32.94,30.2,44,9,-0.39000000000000057,0,0,0
2026-03-13 09:58:54.840763,32.94,30.2,44,9,0.0,0,0,0
2026-03-13 09:59:12.472645,32.55,30.2,44,9,0.39000000000000057,0,0,0
2026-03-13 09:59:30.080744,32.55,30.4,44,9,0.0,0,0,0
2026-03-13 09:59:46.642948,32.55,30.4,44,9,0.0,0,0,0
2026-03-13 10:00:06.427710,32.55,30.5,44,10,0.0,0,0,0
2026-03-13 10:00:22.833509,32.94,30.5,44,10,-0.39000000000000057,0,0,0
2026-03-13 10:00:43.151541,32.55,30.5,44,10,0.39000000000000057,0,0,0
2026-03-13 10:01:02.125934,32.55,30.1,44,10,0.0,0,0,0
2026-03-13 10:01:19.350896,32.55,30.1,44,10,0.0,0,0,0
2026-03-13 10:01:37.539519,32.55,30.1,44,10,0.0,0,0,0
2026-03-13 10:01:56.172575,32.55,30.9,44,10,0.0,0,0,0
2026-03-13 10:02:12.629771,32.55,30.3,44,10,0.0,0,0,0
2026-03-13 10:02:34.533617,32.55,30.3,44,10,0.0,0,0,0
2026-03-13 10:02:51.949210,32.55,30.3,44,10,0.0,0,0,0
2026-03-13 10:03:09.876741,32.55,30.5,44,10,0.0,0,0,0
2026-03-13 10:03:26.517911,32.55,30.5,44,10,0.0,0,0,0
2026-03-13 10:03:43.981985,32.55,30.5,44,10,0.0,0,0,0
2026-03-13 10:04:01.478907,32.55,30.1,44,10,0.0,0,0,0
2026-03-13 10:04:18.354655,32.55,30.1,44,10,0.0,0,0,0
2026-03-13 10:04:36.572751,31.76,30.1,44,10,0.7899999999999956,0,0,0
2026-03-13 10:04:54.237014,31.76,30.6,44,10,0.0,0,0,0
2026-03-13 10:05:11.188562,31.76,30.6,44,10,0.0,0,0,0
2026-03-13 10:05:30.321523,31.76,30.7,44,10,0.0,0,0,0
2026-03-13 10:05:46.700758,32.16,30.2,44,10,-0.399999999999995,0,0,0
2026-03-13 10:06:04.588767,32.55,30.2,44,10,-0.39000000000000057,0,0,0
2026-03-13 10:06:20.900877,32.55,30.0,44,10,0.0,0,0,0
2026-03-13 10:06:38.780835,32.55,30.0,44,10,0.0,0,0,0
2026-03-13 10:06:56.141995,32.55,30.0,44,10,0.0,0,0,0
2026-03-13 10:07:14.433110,32.55,30.1,44,10,0.0,0,0,0
2026-03-13 10:07:31.068742,32.16,30.8,44,10,0.39000000000000057,0,0,0
2026-03-13 10:07:48.069376,32.55,30.3,44,10,-0.39000000000000057,0,0,0
2026-03-13 10:08:07.716443,32.55,30.3,44,10,0.0,0,0,0
2026-03-13 10:08:27.857278,32.55,30.3,44,10,0.0,0,0,0
2026-03-13 10:08:46.778606,32.55,30.3,44,10,0.0,0,0,0
2026-03-13 10:09:05.036993,32.55,30.0,44,10,0.0,0,0,0
2026-03-13 10:09:21.481547,32.16,30.6,44,10,0.39000000000000057,0,0,0
2026-03-13 10:09:40.693358,32.16,30.6,44,10,0.0,0,0,0
2026-03-13 10:09:58.392753,32.16,30.6,44,10,0.0,0,0,0
2026-03-13 10:10:16.224329,32.55,30.6,44,10,-0.39000000000000057,0,0,0
2026-03-13 10:10:32.748167,32.94,30.6,44,10,-0.39000000000000057,0,0,0
2026-03-13 10:10:50.372749,32.55,30.6,44,10,0.39000000000000057,0,0,0
2026-03-13 10:11:07.977756,32.55,30.2,44,10,0.0,0,0,0
2026-03-13 10:11:24.750521,32.55,30.2,44,10,0.0,0,0,0
2026-03-13 10:11:42.024750,32.55,30.7,44,10,0.0,0,0,0
2026-03-13 10:11:59.190844,32.55,30.3,44,10,0.0,0,0,0
2026-03-13 10:12:15.830363,32.55,30.3,44,10,0.0,0,0,0
2026-03-13 10:12:33.416509,32.55,30.3,44,10,0.0,0,0,0
2026-03-13 10:12:51.028740,32.55,30.3,44,10,0.0,0,0,0
2026-03-13 10:13:08.632745,32.94,30.6,44,10,-0.39000000000000057,0,0,0
2026-03-13 10:13:25.440763,32.94,30.3,44,10,0.0,0,0,0
2026-03-13 10:13:41.896761,32.55,30.9,44,10,0.39000000000000057,0,0,0
2026-03-13 10:14:03.777485,32.55,30.6,44,10,0.0,0,0,0
2026-03-13 10:14:20.166636,32.55,30.6,44,10,0.0,0,0,0
2026-03-13 10:14:37.500905,32.55,30.1,44,10,0.0,0,0,0
2026-03-13 10:14:53.924817,32.55,30.1,44,10,0.0,0,0,0
2026-03-13 10:15:11.520057,32.55,30.1,44,10,0.0,0,0,0
2026-03-13 10:15:29.194769,32.55,30.3,44,10,0.0,0,0,0
2026-03-13 10:15:45.524633,32.55,30.3,44,10,0.0,0,0,0
2026-03-13 10:16:03.520757,32.55,30.5,44,10,0.0,0,0,0
2026-03-13 10:16:19.996766,32.55,30.8,44,10,0.0,0,0,0
2026-03-13 10:16:36.617686,32.55,30.8,44,10,0.0,0,0,0
2026-03-13 10:16:54.238898,32.55,30.8,44,10,0.0,0,0,0
2026-03-13 10:17:11.770282,32.94,30.8,44,10,-0.39000000000000057,0,0,0
2026-03-13 10:17:28.148773,32.94,30.8,44,10,0.0,0,0,0
2026-03-13 10:17:45.756416,32.55,30.4,44,10,0.39000000000000057,0,0,0
2026-03-13 10:18:02.710268,32.55,30.4,44,10,0.0,0,0,0
2026-03-13 10:18:20.303271,32.55,30.4,44,10,0.0,0,0,0
2026-03-13 10:18:37.988776,32.94,30.4,44,10,-0.39000000000000057,0,0,0
2026-03-13 10:18:55.742984,32.16,30.4,44,10,0.7800000000000011,0,0,0
2026-03-13 10:19:13.112768,32.55,30.2,44,10,-0.39000000000000057,0,0,0
2026-03-13 10:19:29.483980,32.94,30.2,44,10,-0.39000000000000057,0,0,0
2026-03-13 10:19:46.044769,32.94,30.7,44,10,0.0,0,0,0
2026-03-13 10:20:02.663221,32.94,30.7,44,10,0.0,0,0,0
2026-03-13 10:20:20.602254,32.94,30.7,44,10,0.0,0,0,0
2026-03-13 10:20:38.172991,32.94,30.6,44,10,0.0,0,0,0
2026-03-13 10:20:54.536639,32.94,30.6,44,10,0.0,0,0,0
2026-03-13 10:21:11.872392,32.94,30.5,44,10,0.0,0,0,0
2026-03-13 10:21:28.233526,32.94,30.5,44,10,0.0,0,0,0
2026-03-13 10:21:45.588775,32.94,30.5,44,10,0.0,0,0,0
2026-03-13 10:22:02.996770,32.94,30.1,44,10,0.0,0,0,0
2026-03-13 10:22:19.969444,32.94,30.5,44,10,0.0,0,0,0
2026-03-13 10:22:36.384434,32.94,30.5,44,10,0.0,0,0,0
2026-03-13 10:22:53.921091,32.94,30.7,44,10,0.0,0,0,0
2026-03-13 10:23:10.220556,32.94,30.2,44,10,0.0,0,0,0
2026-03-13 10:23:26.817816,32.55,30.2,44,10,0.39000000000000057,0,0,0
2026-03-13 10:23:44.410850,32.94,30.7,44,10,-0.39000000000000057,0,0,0
2026-03-13 10:24:01.050512,32.94,30.7,44,10,0.0,0,0,0
2026-03-13 10:24:18.644395,32.94,30.7,44,10,0.0,0,0,0
2026-03-13 10:24:35.288400,32.55,30.7,44,10,0.39000000000000057,0,0,0
2026-03-13 10:24:52.903314,32.55,30.7,44,10,0.0,0,0,0
2026-03-13 10:25:10.502502,32.94,30.3,44,10,-0.39000000000000057,0,0,0
2026-03-13 10:25:26.912786,32.55,30.3,44,10,0.39000000000000057,0,0,0
2026-03-13 10:25:44.405569,32.55,30.3,44,10,0.0,0,0,0
2026-03-13 10:26:01.790124,32.55,30.3,44,10,0.0,0,0,0
2026-03-13 10:26:19.283148,32.55,30.3,44,10,0.0,0,0,0
2026-03-13 10:26:35.923542,32.55,30.7,44,10,0.0,0,0,0
2026-03-13 10:26:52.563981,32.55,30.7,44,10,0.0,0,0,0
2026-03-13 10:27:10.160339,32.55,30.7,44,10,0.0,0,0,0
2026-03-13 10:27:27.804956,32.55,30.7,44,10,0.0,0,0,0
2026-03-13 10:27:45.483969,32.94,30.7,44,10,-0.39000000000000057,0,0,0
2026-03-13 10:28:02.964294,32.94,30.7,44,10,0.0,0,0,0
2026-03-13 10:28:20.566894,32.94,30.7,44,10,0.0,0,0,0
2026-03-13 10:28:38.158538,32.94,30.0,44,10,0.0,0,0,0
2026-03-13 10:28:54.811616,32.94,30.0,44,10,0.0,0,0,0
2026-03-13 10:29:12.875075,32.94,30.1,44,10,0.0,0,0,0
2026-03-13 10:29:29.744032,32.94,30.1,44,10,0.0,0,0,0
2026-03-13 10:29:47.115087,32.94,30.1,44,10,0.0,0,0,0
2026-03-13 10:30:03.377621,32.94,30.1,44,10,0.0,0,0,0
2026-03-13 10:30:20.893120,32.94,30.1,44,10,0.0,0,0,0
2026-03-13 10:30:38.464641,32.94,30.1,44,10,0.0,0,0,0
2026-03-13 10:30:54.796314,32.55,30.1,44,10,0.39000000000000057,0,0,0
2026-03-13 10:31:11.451486,31.37,30.9,44,10,1.1799999999999962,0,0,0
2026-03-13 10:31:28.403375,30.59,30.9,44,10,0.7800000000000011,0,0,0
2026-03-13 10:31:46.635617,31.76,30.9,44,10,-1.1700000000000017,0,0,0
2026-03-13 10:32:04.158193,31.76,30.9,44,10,0.0,0,0,0
2026-03-13 10:32:20.588921,31.76,30.3,44,10,0.0,0,0,0
2026-03-13 10:32:37.197587,31.76,30.3,44,10,0.0,0,0,0
2026-03-13 10:32:54.571215,31.76,30.3,44,10,0.0,0,0,0
2026-03-13 10:33:12.085709,31.76,30.4,44,10,0.0,0,0,0
2026-03-13 10:33:28.773091,31.76,30.4,44,10,0.0,0,0,0
2026-03-13 10:33:46.084532,31.76,30.4,44,10,0.0,0,0,0
2026-03-13 10:34:03.934254,30.98,30.4,44,10,0.7800000000000011,0,0,0
2026-03-13 10:34:20.548801,30.98,30.9,44,10,0.0,0,0,0
2026-03-13 10:34:36.882844,30.98,30.9,44,10,0.0,0,0,0
2026-03-13 10:34:54.486631,31.37,30.9,44,10,-0.39000000000000057,0,0,0
2026-03-13 10:35:12.080901,32.16,30.9,44,10,-0.7899999999999956,0,0,0
2026-03-13 10:35:29.049168,30.98,30.9,44,10,1.1799999999999962,0,0,0
2026-03-13 10:35:47.288305,31.37,30.9,44,10,-0.39000000000000057,0,0,0
2026-03-13 10:36:05.167866,32.16,30.9,44,10,-0.7899999999999956,0,0,0
2026-03-13 10:36:22.552500,32.16,30.9,44,10,0.0,0,0,0
2026-03-13 10:36:40.083936,31.76,30.9,44,10,0.399999999999995,0,0,0
2026-03-13 10:36:57.707460,32.16,30.9,44,10,-0.399999999999995,0,0,0
2026-03-13 10:37:15.309462,31.37,30.8,44,10,0.7899999999999956,0,0,0
2026-03-13 10:37:31.948266,31.37,30.6,44,10,0.0,0,0,0
2026-03-13 10:37:48.560965,31.76,30.8,44,10,-0.39000000000000057,0,0,0
2026-03-13 10:38:05.212399,31.76,30.7,44,10,0.0,0,0,0
2026-03-13 10:38:21.852144,31.76,30.7,44,10,0.0,0,0,0
2026-03-13 10:38:39.250301,32.16,30.7,44,10,-0.399999999999995,0,0,0
2026-03-13 10:38:56.805423,32.16,30.6,44,10,0.0,0,0,0
2026-03-13 10:39:13.369594,32.16,30.6,44,10,0.0,0,0,0
2026-03-13 10:39:30.394650,32.16,30.5,44,10,0.0,0,0,0
2026-03-13 10:39:46.831181,32.16,30.9,43,10,0.0,0,0,0
2026-03-13 10:40:03.286229,32.55,30.9,43,10,-0.39000000000000057,0,0,0
2026-03-13 10:40:21.116746,32.16,30.9,43,10,0.39000000000000057,0,0,0
2026-03-13 10:40:38.500969,32.16,30.0,43,10,0.0,0,0,0
2026-03-13 10:40:55.125668,32.16,30.6,43,10,0.0,0,0,0
2026-03-13 10:41:12.397995,31.37,30.6,43,10,0.7899999999999956,0,0,0
2026-03-13 10:41:34.834902,31.37,30.6,43,10,0.0,0,0,0
2026-03-13 10:41:52.378406,32.16,30.6,43,10,-0.7899999999999956,0,0,0
2026-03-13 10:42:09.702097,31.76,30.1,43,10,0.399999999999995,0,0,0
2026-03-13 10:42:26.335093,31.76,30.9,43,10,0.0,0,0,0
2026-03-13 10:42:42.966656,31.76,30.2,43,10,0.0,0,0,0
2026-03-13 10:42:59.337155,31.76,30.2,43,10,0.0,0,0,0
2026-03-13 10:43:16.924737,31.76,30.6,43,10,0.0,0,0,0
2026-03-13 10:43:33.550838,31.37,30.0,43,10,0.39000000000000057,0,0,0
2026-03-13 10:43:50.364721,32.55,30.6,43,10,-1.1799999999999962,0,0,0
2026-03-13 10:44:06.824750,32.55,30.6,43,10,0.0,0,0,0
2026-03-13 10:44:24.425849,32.55,30.6,43,10,0.0,0,0,0
2026-03-13 10:44:41.008752,32.16,30.6,43,10,0.39000000000000057,0,0,0
2026-03-13 10:44:58.653147,31.37,30.1,43,10,0.7899999999999956,0,0,0
2026-03-13 10:45:15.695259,31.76,30.1,43,10,-0.39000000000000057,0,0,0
2026-03-13 10:45:32.108717,31.37,30.7,43,10,0.39000000000000057,0,0,0
2026-03-13 10:45:51.510419,32.16,30.6,43,10,-0.7899999999999956,0,0,0
2026-03-13 10:46:08.132719,32.55,30.6,43,10,-0.39000000000000057,0,0,0
2026-03-13 10:46:28.303692,32.55,30.4,43,10,0.0,0,0,0
2026-03-13 10:46:44.464727,32.55,30.1,43,10,0.0,0,0,0
2026-03-13 10:47:03.772203,32.55,30.2,43,10,0.0,0,0,0
2026-03-13 10:47:24.244664,32.16,30.2,43,10,0.39000000000000057,0,0,0
2026-03-13 10:47:44.932721,31.37,30.8,43,10,0.7899999999999956,0,0,0
2026-03-13 10:48:02.216955,31.76,30.1,43,10,-0.39000000000000057,0,0,0
2026-03-13 10:48:21.640709,32.16,30.8,43,10,-0.399999999999995,0,0,0
2026-03-13 10:48:41.967680,32.55,30.6,43,10,-0.39000000000000057,0,0,0
2026-03-13 10:48:58.241510,32.16,30.0,43,10,0.39000000000000057,0,0,0
2026-03-13 10:49:17.528464,32.16,30.3,43,10,0.0,0,0,0
2026-03-13 10:49:36.876760,32.16,30.5,43,10,0.0,0,0,0
2026-03-13 10:49:59.260753,32.55,30.5,43,10,-0.39000000000000057,0,0,0
2026-03-13 10:50:16.810013,32.55,30.4,43,10,0.0,0,0,0
2026-03-13 10:50:36.984717,32.55,30.9,43,10,0.0,0,0,0
2026-03-13 10:50:53.123843,32.16,30.3,43,10,0.39000000000000057,0,0,0
2026-03-13 10:51:12.250627,32.55,30.1,43,10,-0.39000000000000057,0,0,0
2026-03-13 10:51:28.496736,32.16,30.1,43,10,0.39000000000000057,0,0,0
2026-03-13 10:51:48.608718,31.37,30.8,43,10,0.7899999999999956,0,0,0
2026-03-13 10:52:08.040718,31.37,30.5,43,10,0.0,0,0,0
2026-03-13 10:52:24.292750,31.37,30.2,43,10,0.0,0,0,0
2026-03-13 10:52:41.340712,31.76,30.8,43,10,-0.39000000000000057,0,0,0
2026-03-13 10:53:00.472747,32.55,30.3,43,10,-0.7899999999999956,0,0,0
2026-03-13 10:53:19.816833,32.55,30.3,43,10,0.0,0,0,0
2026-03-13 10:53:37.156767,32.16,30.3,43,10,0.39000000000000057,0,0,0
2026-03-13 10:53:57.488735,32.55,30.3,43,10,-0.39000000000000057,0,0,0
2026-03-13 10:54:14.696836,32.55,30.3,43,10,0.0,0,0,0
2026-03-13 10:54:32.060774,32.55,30.3,43,10,0.0,0,0,0
2026-03-13 10:54:53.212937,32.55,30.2,43,10,0.0,0,0,0
2026-03-13 10:55:09.536725,32.55,30.0,43,10,0.0,0,0,0
2026-03-13 10:55:28.972758,32.55,30.0,43,10,0.0,0,0,0
2026-03-13 10:55:49.160853,32.55,30.9,43,10,0.0,0,0,0
2026-03-13 10:56:08.340887,32.55,30.9,43,10,0.0,0,0,0
2026-03-13 10:56:28.708722,32.16,30.9,43,10,0.39000000000000057,0,0,0
2026-03-13 10:56:46.028754,32.16,30.3,43,10,0.0,0,0,0
2026-03-13 10:57:07.720394,31.76,30.9,43,10,0.399999999999995,0,0,0
2026-03-13 10:57:27.060790,31.76,30.6,43,10,0.0,0,0,0
2026-03-13 10:57:46.402803,31.37,30.6,43,10,0.39000000000000057,0,0,0
2026-03-13 10:58:06.760921,31.76,30.1,43,10,-0.39000000000000057,0,0,0
2026-03-13 10:58:26.508895,32.55,30.0,43,10,-0.7899999999999956,0,0,0
2026-03-13 10:58:45.664889,32.55,30.0,43,10,0.0,0,0,0
2026-03-13 10:59:05.964767,32.55,30.0,43,10,0.0,0,0,0
2026-03-13 10:59:27.284884,32.55,30.0,43,10,0.0,0,0,0
2026-03-13 10:59:44.588816,32.55,30.0,43,10,0.0,0,0,0
2026-03-13 11:00:04.684891,32.55,30.2,43,11,0.0,0,0,0
2026-03-13 11:00:21.012761,32.94,30.2,44,11,-0.39000000000000057,0,0,0
2026-03-13 11:00:40.204722,32.94,30.2,44,11,0.0,0,0,0
2026-03-13 11:01:00.544730,32.94,30.2,44,11,0.0,0,0,0
2026-03-13 11:01:20.728761,32.55,30.2,44,11,0.39000000000000057,0,0,0
2026-03-13 11:01:37.952833,32.94,30.2,44,11,-0.39000000000000057,0,0,0
2026-03-13 11:01:59.560763,32.16,30.4,44,11,0.7800000000000011,0,0,0
2026-03-13 11:02:15.884780,31.76,30.6,44,11,0.399999999999995,0,0,0
2026-03-13 11:02:37.168758,31.76,30.6,44,11,0.0,0,0,0
2026-03-13 11:02:57.484829,31.76,30.5,44,11,0.0,0,0,0
2026-03-13 11:03:13.810395,31.76,30.7,44,11,0.0,0,0,0
2026-03-13 11:03:38.120746,31.76,30.7,44,11,0.0,0,0,0
2026-03-13 11:03:54.479197,31.76,30.2,44,11,0.0,0,0,0
2026-03-13 11:04:13.576736,32.55,30.2,44,11,-0.7899999999999956,0,0,0
2026-03-13 11:04:32.892723,32.16,30.2,44,11,0.39000000000000057,0,0,0
2026-03-13 11:04:54.260721,32.16,30.2,44,11,0.0,0,0,0
2026-03-13 11:05:11.572726,32.16,30.4,43,11,0.0,0,0,0
2026-03-13 11:05:30.664760,31.76,30.5,43,11,0.399999999999995,0,0,0
2026-03-13 11:05:46.772729,32.55,30.2,43,11,-0.7899999999999956,0,0,0
2026-03-13 11:06:02.988715,32.94,30.2,43,11,-0.39000000000000057,0,0,0
2026-03-13 11:06:24.417224,32.16,30.5,43,11,0.7800000000000011,0,0,0
2026-03-13 11:06:40.589325,31.76,30.5,43,11,0.399999999999995,0,0,0
2026-03-13 11:06:57.820993,31.76,30.0,43,11,0.0,0,0,0
2026-03-13 11:07:13.992474,31.76,30.8,43,11,0.0,0,0,0
2026-03-13 11:07:30.096748,31.76,30.8,43,11,0.0,0,0,0
2026-03-13 11:07:50.473223,31.76,30.7,43,11,0.0,0,0,0
2026-03-13 11:08:09.776075,31.76,30.1,43,11,0.0,0,0,0
2026-03-13 11:08:28.930153,31.76,30.8,43,11,0.0,0,0,0
2026-03-13 11:08:51.576735,31.76,30.5,43,11,0.0,0,0,0
2026-03-13 11:09:07.924750,32.16,30.8,44,11,-0.399999999999995,0,0,0
2026-03-13 11:09:33.376749,32.55,30.2,44,11,-0.39000000000000057,0,0,0
2026-03-13 11:09:49.660731,32.55,30.7,44,11,0.0,0,0,0
2026-03-13 11:10:05.947191,32.55,30.5,44,11,0.0,0,0,0
2026-03-13 11:10:22.248738,32.94,30.3,44,11,-0.39000000000000057,0,0,0
2026-03-13 11:10:38.564719,32.94,30.9,44,11,0.0,0,0,0
2026-03-13 11:10:57.892732,33.33,30.9,44,11,-0.39000000000000057,0,0,0
2026-03-13 11:11:19.416550,32.94,30.0,44,11,0.39000000000000057,0,0,0
2026-03-13 11:11:35.696735,32.94,30.7,44,11,0.0,0,0,0
2026-03-13 11:11:51.920758,32.94,30.9,44,11,0.0,0,0,0
2026-03-13 11:12:08.112739,32.94,30.4,44,11,0.0,0,0,0
2026-03-13 11:12:24.420729,31.76,30.4,44,11,1.1799999999999962,0,0,0
2026-03-13 11:12:41.808770,31.76,30.3,44,11,0.0,0,0,0
2026-03-13 11:13:01.160734,32.16,30.1,43,11,-0.399999999999995,0,0,0
2026-03-13 11:13:20.400753,32.55,30.1,43,11,-0.39000000000000057,0,0,0
2026-03-13 11:13:40.765534,32.94,30.8,43,11,-0.39000000000000057,0,0,0
2026-03-13 11:13:57.068432,32.16,30.6,43,11,0.7800000000000011,0,0,0
2026-03-13 11:14:22.530542,33.33,30.6,43,11,-1.1700000000000017,0,0,0
2026-03-13 11:14:39.826352,32.94,30.2,43,11,0.39000000000000057,0,0,0
2026-03-13 11:14:55.931294,33.33,30.9,43,11,-0.39000000000000057,0,0,0
2026-03-13 11:15:16.368937,33.33,30.1,43,11,0.0,0,0,0
2026-03-13 11:15:35.652898,32.94,30.9,43,11,0.39000000000000057,0,0,0
2026-03-13 11:15:54.964045,33.33,30.9,43,11,-0.39000000000000057,0,0,0
2026-03-13 11:16:16.418275,33.33,30.5,43,11,0.0,0,0,0
2026-03-13 11:16:33.734296,33.33,30.2,43,11,0.0,0,0,0
2026-03-13 11:16:49.893049,32.94,30.3,43,11,0.39000000000000057,0,0,0
2026-03-13 11:17:06.048948,32.94,30.3,43,11,0.0,0,0,0
2026-03-13 11:17:27.473036,32.94,30.4,43,11,0.0,0,0,0
2026-03-13 11:17:43.783550,33.33,30.4,43,11,-0.39000000000000057,0,0,0
2026-03-13 11:18:04.107037,32.94,30.4,43,11,0.39000000000000057,0,0,0
2026-03-13 11:18:25.532444,32.94,30.4,43,11,0.0,0,0,0
2026-03-13 11:18:45.938484,33.33,30.4,43,11,-0.39000000000000057,0,0,0
2026-03-13 11:19:03.241220,33.33,30.9,43,11,0.0,0,0,0
2026-03-13 11:19:19.593780,32.55,30.4,43,11,0.7800000000000011,0,0,0
2026-03-13 11:19:38.954665,33.33,30.2,43,11,-0.7800000000000011,0,0,0
2026-03-13 11:19:59.578019,33.33,30.2,43,11,0.0,0,0,0
2026-03-13 11:20:16.926236,33.33,30.2,43,11,0.0,0,0,0
2026-03-13 11:20:34.334696,32.94,30.2,43,11,0.39000000000000057,0,0,0
2026-03-13 11:20:51.649722,32.16,30.2,43,11,0.7800000000000011,0,0,0
2026-03-13 11:21:09.141625,32.94,30.2,43,11,-0.7800000000000011,0,0,0
2026-03-13 11:21:30.565377,32.94,30.2,43,11,0.0,0,0,0
2026-03-13 11:21:50.886003,32.94,30.3,43,11,0.0,0,0,0
2026-03-13 11:22:10.205463,33.33,30.3,43,11,-0.39000000000000057,0,0,0
2026-03-13 11:22:30.577350,33.33,30.3,43,11,0.0,0,0,0
2026-03-13 11:22:47.940504,33.33,30.3,43,11,0.0,0,0,0
2026-03-13 11:23:08.249483,32.94,30.3,42,11,0.39000000000000057,0,0,0
2026-03-13 11:23:27.563042,32.55,30.3,42,11,0.39000000000000057,0,0,0
2026-03-13 11:23:47.916378,31.76,30.8,42,11,0.7899999999999956,0,0,0
2026-03-13 11:24:04.231966,32.94,30.8,42,11,-1.1799999999999962,0,0,0
2026-03-13 11:24:24.646296,32.94,30.8,42,11,0.0,0,0,0
